ICD9,PheCode,Frequency
401.9,401.1,20703
428.0,428.1,13111
427.31,427.21,12891
414.01,411.4,12429
584.9,585.1,9119
250.00,250.2,9058
272.4,272.1,8690
518.81,509.1,7497
599.0,591.0,6555
530.81,530.11,6326
272.0,272.11,5930
V05.3,1010.0,5779
285.9,285.0,5406
244.9,244.4,4917
486,480.0,4839
285.1,285.1,4552
276.2,276.41,4528
496,496.0,4431
995.92,994.2,3912
V58.61,286.2,3806
038.9,38.0,3725
507.0,501.0,3680
585.9,585.3,3435
311,296.2,3431
403.90,401.22,3421
305.1,318.0,3358
412,411.2,3278
287.5,287.3,3065
V45.81,411.4,3056
410.71,411.2,3055
276.1,276.12,3039
424.0,395.1,2926
V15.82,318.0,2811
511.9,507.0,2734
V45.82,411.4,2725
403.91,401.22,2630
785.52,994.21,2586
424.1,395.2,2550
V58.67,250.3,2538
427.89,427.3,2453
327.23,327.32,2380
997.1,429.9,2343
584.5,585.1,2287
276.0,276.11,2272
774.2,656.8,2264
493.90,495.0,2195
276.7,276.13,2169
518.0,508.0,2165
416.8,415.2,2148
458.29,458.2,2121
274.9,274.1,2082
458.9,458.9,2051
733.00,743.11,1947
780.39,345.3,1934
585.6,585.32,1926
427.1,427.12,1811
518.5,509.3,1807
425.4,425.1,1709
411.1,411.1,1663
V12.51,452.0,1612
357.2,250.6,1584
300.00,300.1,1580
998.11,850.0,1535
278.00,278.1,1511
414.00,411.4,1494
600.00,600.0,1490
790.7,38.3,1478
293.0,290.2,1445
008.45,8.52,1444
276.8,276.14,1425
443.9,443.9,1401
578.9,578.9,1397
V45.01,426.91,1390
276.51,276.5,1385
285.21,285.21,1384
276.52,276.5,1374
431,430.2,1367
427.5,427.42,1361
276.5,276.5,1348
769,661.0,1314
799.02,1013.0,1298
707.03,707.1,1289
571.5,571.51,1287
V10.3,174.11,1277
995.91,994.2,1272
263.9,260.0,1259
428.32,428.4,1240
998.12,850.0,1224
428.33,428.4,1220
070.54,70.3,1218
427.32,427.22,1217
V10.46,185.0,1207
571.2,317.11,1202
491.21,496.21,1198
998.59,80.0,1186
280.9,280.1,1171
278.01,278.11,1170
785.51,797.1,1154
428.23,428.3,1143
250.60,250.24,1138
294.8,290.3,1126
300.4,300.4,1109
413.9,411.3,1100
428.22,428.3,1097
285.29,285.2,1093
V12.54,433.31,1072
560.1,560.1,1072
779.3,656.3,1068
570,573.4,1067
787.91,561.1,1049
770.81,656.26,1043
788.20,599.2,1020
286.9,286.7,1016
280.0,280.2,1012
572.3,571.81,1007
V31.01,651.0,1000
790.92,286.9,994
276.3,276.42,984
348.5,348.2,978
789.59,572.0,978
305.00,317.1,977
345.90,345.0,977
041.4,41.4,967
577.0,577.1,961
250.40,250.22,954
996.62,81.0,950
998.2,1011.0,929
765.18,637.0,924
715.90,740.9,891
765.27,637.0,881
362.01,250.7,875
765.28,637.0,874
414.8,411.8,865
415.19,415.11,859
288.60,288.2,856
562.10,562.1,849
198.5,198.6,843
433.10,433.1,833
564.00,563.0,830
291.81,317.1,812
428.30,428.4,800
197.7,198.4,794
482.41,480.13,789
512.1,506.0,786
397.0,394.7,779
V10.05,153.2,771
198.3,198.5,767
518.82,509.2,761
997.4,569.2,760
197.0,198.2,754
770.6,656.26,754
493.20,495.1,752
765.19,637.0,744
585.3,585.33,735
V45.02,426.92,733
682.6,681.5,732
434.91,433.21,731
303.91,317.0,719
365.9,365.0,711
348.4,348.2,711
041.11,41.11,703
V15.3,990.0,695
518.89,510.0,694
338.29,338.2,692
578.1,578.2,690
518.84,509.1,684
593.9,586.0,679
V43.3,395.6,679
070.70,70.3,674
348.30,348.8,674
745.5,747.11,668
572.2,571.8,666
553.3,550.2,663
576.1,575.1,662
441.4,442.11,660
774.6,656.8,659
430,430.1,658
V09.0,41.9,658
714.0,714.1,649
112.0,112.0,646
349.82,349.0,643
434.11,433.21,642
492.8,496.1,641
041.04,41.2,614
294.10,290.1,613
453.8,452.0,607
785.0,427.7,607
779.81,656.9,606
296.80,296.1,603
303.90,317.0,597
V45.11,585.31,594
583.81,580.31,594
287.4,287.32,584
770.89,656.2,583
780.57,327.3,581
780.09,291.8,577
331.4,331.1,576
996.74,854.0,576
276.6,276.6,575
410.41,411.2,573
331.0,290.11,570
427.41,427.41,568
997.31,519.2,564
410.11,411.2,544
515,502.0,544
693.0,939.0,543
042,71.1,538
276.4,276.4,536
785.59,797.0,535
519.19,479.0,534
789.5,572.0,534
426.0,426.24,530
346.90,340.0,528
V10.11,165.1,519
038.11,38.2,515
996.81,587.0,515
599.7,593.0,509
536.3,536.3,509
332.0,332.0,506
V10.83,172.2,506
253.6,253.7,505
459.81,456.0,503
787.20,532.0,499
557.0,441.1,497
428.21,428.3,492
441.2,442.1,490
784.3,292.11,488
724.2,760.0,487
765.26,637.0,487
342.90,342.0,478
V42.2,395.6,476
414.02,411.4,474
765.17,637.0,474
041.3,41.0,473
996.72,854.0,473
284.1,284.1,472
038.42,38.1,467
286.7,286.4,466
438.89,433.8,465
V46.2,509.8,459
779.89,656.0,458
275.3,275.53,458
401.1,401.1,454
250.02,250.2,454
348.1,348.0,453
286.6,286.6,452
997.5,597.2,449
250.80,250.2,447
423.9,420.2,445
250.50,250.23,445
535.50,535.9,440
V10.82,172.1,439
398.91,428.1,437
438.20,433.8,437
707.15,707.2,437
198.89,198.0,437
707.22,707.1,435
440.20,440.2,435
V10.52,189.1,434
790.4,573.6,434
780.2,788.0,433
356.9,356.0,433
428.31,428.4,432
577.1,577.2,431
482.1,480.12,430
578.0,578.1,428
780.6,783.0,426
250.61,250.14,425
250.13,250.11,421
733.90,743.9,418
997.02,856.0,418
456.21,530.2,418
428.20,428.3,416
437.3,433.5,413
591,595.0,413
766.1,658.0,410
V87.41,197.0,410
776.6,656.5,407
861.21,1008.0,405
747.0,747.13,405
041.7,41.0,404
568.0,568.1,404
305.60,316.0,404
416.0,415.21,401
786.3,516.1,401
305.01,317.1,400
038.49,38.1,395
682.2,681.7,394
432.1,430.3,392
162.8,165.1,391
728.88,772.4,390
997.3,519.2,390
427.81,427.8,389
396.2,394.1,386
707.14,707.2,385
421.0,420.3,385
852.21,818.1,381
275.41,275.51,380
V15.88,1015.0,377
303.01,317.0,376
038.0,38.1,376
860.0,1008.0,375
873.0,870.3,365
292.81,290.2,363
576.2,575.2,360
729.1,770.0,359
775.6,656.3,358
765.16,637.0,357
285.22,285.22,357
276.69,276.6,357
724.5,760.0,357
410.91,411.2,354
456.20,530.2,352
574.20,574.1,346
572.4,571.8,346
396.3,394.1,341
V10.51,189.21,341
202.80,202.2,339
112.2,112.0,337
537.89,537.0,337
790.29,250.42,337
155.0,155.1,337
V42.0,587.0,337
562.12,562.1,335
162.3,165.1,335
585.4,585.34,334
564.09,563.0,333
V08,71.0,332
276.50,276.5,332
518.83,509.1,331
453.41,452.2,331
710.0,695.42,328
440.24,440.21,327
428.43,428.3,327
211.3,208.0,321
250.41,250.12,321
284.8,284.0,321
250.01,250.1,319
197.6,198.3,317
746.4,747.12,314
600.01,600.0,314
707.05,707.1,310
571.1,317.11,310
805.4,805.0,310
303.93,317.0,308
340,335.0,307
V12.59,459.9,307
780.52,327.4,305
518.4,505.0,305
805.2,805.0,305
291.0,290.2,303
784.7,477.0,303
530.85,530.13,303
185,185.0,302
733.13,743.21,302
041.85,41.0,300
765.15,637.0,299
493.22,495.11,299
790.01,289.9,299
788.30,599.4,296
780.60,783.0,295
707.07,707.1,295
041.19,41.1,293
V12.72,208.0,292
414.2,411.4,292
787.01,789.0,292
255.4,255.2,290
070.32,70.2,290
788.5,599.6,288
309.81,300.9,287
696.1,696.41,287
458.0,458.1,286
873.42,870.3,285
716.90,716.9,284
426.3,426.32,284
250.51,250.13,284
765.25,637.0,283
440.0,440.9,283
576.8,575.8,281
999.31,81.0,281
V58.66,457.3,280
304.01,316.0,280
348.39,348.8,280
458.8,458.0,279
410.72,411.2,279
348.31,348.8,277
784.0,339.0,276
782.3,782.3,276
585,585.3,273
571.8,571.5,273
555.9,555.1,273
532.40,531.1,271
707.0,707.1,271
725,717.0,271
560.9,560.4,270
531.40,531.1,269
997.2,856.0,269
275.2,275.3,266
250.63,250.14,265
433.30,433.1,265
482.83,480.1,264
440.23,440.21,264
808.2,802.0,258
452,452.0,257
440.21,440.22,257
135,697.0,254
782.1,687.1,254
196.1,198.1,254
275.42,275.6,254
786.59,418.0,253
799.4,260.1,251
196.2,198.1,251
345.3,345.1,248
266.2,261.2,248
295.90,295.1,247
344.1,344.0,247
556.9,555.2,245
333.94,327.71,245
802.4,819.0,245
852.20,818.1,244
288.00,288.11,243
369.4,367.9,243
802.0,819.0,241
780.97,292.4,240
438.11,433.8,240
041.12,41.12,239
V34.01,651.0,239
567.22,567.0,237
519.1,479.0,236
562.11,562.2,235
564.1,564.1,234
423.3,420.2,233
440.1,440.1,233
998.32,1015.0,233
560.81,560.3,231
441.01,442.1,231
569.83,569.0,230
802.8,819.0,230
V13.01,594.0,230
V45.86,539.0,228
482.9,480.1,227
389.9,389.0,226
482.0,480.1,226
729.89,771.0,225
770.8,656.2,225
771.81,657.0,225
596.54,596.5,225
362.50,362.29,224
225.2,225.1,224
189.0,189.11,219
458.2,458.2,218
197.2,198.2,217
996.64,81.0,217
567.2,567.0,217
785.2,396.0,217
599.70,593.0,216
996.73,585.31,216
682.3,681.3,216
255.41,255.21,216
785.6,289.4,214
765.14,637.0,214
996.59,859.0,214
792.1,579.8,213
530.19,530.1,213
041.6,41.0,213
V46.11,509.8,212
455.0,455.0,212
788.29,599.2,211
998.89,1011.0,211
238.71,200.0,210
295.70,295.1,210
V44.2,559.0,209
965.4,965.0,207
038.8,38.0,206
592.0,594.1,206
296.7,296.1,206
411.89,411.9,205
250.11,250.11,204
261,260.22,204
041.86,41.8,204
244.0,244.1,203
568.81,568.0,203
444.22,444.1,203
933.1,1001.0,203
451.82,451.0,202
577.2,577.3,202
250.12,250.21,201
415.11,452.1,199
530.10,530.1,199
572.8,571.8,199
238.75,200.0,199
721.0,721.1,198
250.62,250.24,198
437.0,433.12,196
780.61,783.0,196
920,916.0,196
530.3,530.3,196
205.00,204.21,195
481,480.11,194
867.0,1008.0,194
781.94,772.6,194
305.90,316.0,193
765.24,637.0,193
999.9,1011.0,193
785.50,797.0,193
V12.04,41.12,192
494.0,496.3,191
530.7,530.7,191
808.0,802.0,191
041.49,41.4,191
510.9,506.0,190
558.9,558.0,190
553.1,550.4,189
745.4,747.11,189
724.00,720.0,189
807.01,807.0,189
456.8,454.0,188
707.09,707.1,187
560.89,560.4,187
715.36,740.1,187
493.92,495.2,187
567.23,567.0,186
251.8,251.0,186
682.7,681.6,186
770.7,656.2,185
V09.80,41.9,185
250.43,250.12,185
790.5,573.9,184
204.10,204.12,184
305.50,316.0,183
425.1,425.11,183
319,315.3,182
203.00,204.4,182
775.0,656.3,181
599.71,593.1,181
424.2,395.3,181
428.42,428.3,179
289.81,286.81,179
783.21,1002.0,179
511.89,507.0,178
724.02,720.1,177
V10.87,193.0,177
999.2,856.0,177
996.82,573.2,177
575.0,574.3,176
162.9,165.1,175
V45.1,585.31,175
783.7,260.3,174
518.51,509.3,174
070.44,70.3,174
781.2,350.2,174
338.3,195.0,173
070.30,70.2,173
362.21,362.1,173
401.0,401.3,172
403.01,401.22,172
112.5,112.0,172
292.0,316.0,171
569.81,569.0,171
V31.00,651.0,170
250.53,250.13,169
588.81,588.2,169
969.4,969.0,169
199.1,195.1,169
511.8,507.0,167
162.5,165.1,167
574.10,574.12,167
426.4,426.31,166
786.09,512.9,166
787.2,532.0,165
294.20,290.1,165
782.4,573.5,163
998.0,958.1,163
574.51,574.2,163
737.30,737.3,163
V10.06,153.3,163
482.42,480.1,162
296.20,296.22,162
V12.71,531.4,162
348.8,348.9,161
V10.42,182.0,161
805.6,805.0,161
459.2,459.0,161
427.0,427.11,161
531.90,531.2,160
998.31,1015.0,160
810.00,803.3,160
573.8,573.0,159
281.9,281.9,159
807.09,807.0,159
780.79,798.0,157
790.6,790.6,157
366.9,366.0,157
V02.54,1010.0,156
443.0,443.1,156
996.1,854.0,155
290.40,290.16,155
514,503.0,155
307.9,315.0,154
805.02,805.0,152
553.21,550.6,152
535.60,535.6,152
268.9,261.4,151
692.9,939.0,151
519.02,519.1,151
780.01,348.7,151
038.19,38.2,150
420.90,420.21,150
721.3,721.1,150
533.90,531.4,150
535.51,535.9,149
473.9,475.0,149
802.6,819.0,148
719.41,745.0,148
770.82,656.26,148
707.23,707.1,148
780.62,783.1,147
V13.02,591.0,146
478.6,473.0,145
241.0,241.1,145
512.8,506.0,144
996.85,860.0,144
V42.7,573.2,144
996.61,81.0,144
573.3,70.9,144
041.09,41.2,144
338.18,338.1,143
707.8,707.3,143
852.01,818.2,142
288.50,288.1,142
410.01,411.2,142
V12.55,415.0,142
442.3,442.3,142
995.1,946.0,141
820.21,800.1,141
728.89,772.0,141
314.01,313.1,141
557.9,441.0,141
288.0,288.11,141
429.9,414.0,140
410.31,411.2,140
789.00,785.0,140
V53.31,426.91,140
860.4,1008.0,140
273.8,270.38,139
284.19,284.1,139
V62.84,297.1,139
765.03,637.0,139
277.39,270.33,139
008.8,8.6,139
337.1,337.1,138
778.3,656.7,138
197.8,198.3,137
729.5,773.0,137
794.31,426.7,137
707.19,707.2,137
934.1,1001.0,137
453.42,452.2,136
198.7,198.0,136
263.0,260.0,136
998.6,958.0,134
117.9,117.0,134
775.5,656.3,134
287.49,287.32,134
426.11,426.21,134
324.1,324.0,133
426.13,426.23,133
997.39,519.2,133
590.10,590.0,132
715.96,740.9,132
868.03,1008.0,132
511.81,198.0,132
585.2,585.4,132
784.51,292.1,131
348.89,348.9,131
569.69,853.0,131
447.1,447.1,131
250.42,250.22,130
293.9,291.1,130
807.03,807.0,130
112.3,112.3,129
958.4,958.0,129
567.29,567.0,128
579.3,569.2,128
157.0,157.0,127
433.11,433.11,127
355.8,351.0,127
038.43,38.1,127
537.83,537.1,127
550.90,550.1,126
466.0,483.0,126
112.84,112.0,126
288.03,288.11,126
557.1,441.2,125
787.22,532.0,124
344.00,344.0,124
807.02,807.0,124
787.02,789.0,124
274.0,274.11,123
333.1,333.1,122
403.10,401.22,122
251.2,251.1,122
519.09,519.1,122
456.1,530.2,122
707.21,707.1,121
864.05,1008.0,121
V85.0,260.0,121
250.70,250.25,121
458.21,458.2,120
786.50,418.0,120
238.7,200.0,120
785.4,791.0,120
707.24,707.1,120
707.12,707.2,119
300.01,300.12,119
453.81,452.0,119
873.43,870.5,118
801.26,819.0,118
038.12,38.2,118
V10.79,202.0,117
747.3,747.13,117
V45.71,175.0,117
289.59,289.5,117
995.94,994.1,117
770.2,656.22,116
575.11,574.3,116
501,500.2,116
288.3,288.3,116
250.82,250.2,115
730.28,710.19,115
410.21,411.2,115
707.20,707.1,115
305.03,317.1,115
459.0,459.1,115
117.3,117.4,115
535.40,535.8,115
054.9,54.0,114
396.8,394.1,114
707.25,707.1,114
765.02,637.0,113
238.4,200.1,113
V11.3,317.1,113
336.3,334.0,113
997.09,1011.0,113
451.84,451.0,112
592.1,594.3,111
112.89,112.0,111
728.87,772.3,111
298.9,295.3,111
272.1,272.12,110
038.3,38.0,110
428.40,428.3,110
758.0,758.1,110
242.90,242.0,110
772.11,656.4,110
V12.01,10.0,109
998.81,958.2,108
516.8,504.0,108
535.41,535.8,108
765.23,637.0,108
355.9,351.0,108
691.0,949.1,107
593.2,586.2,107
730.08,710.11,107
730.07,710.11,106
574.00,574.11,105
249.00,249.0,105
V10.41,180.1,105
482.82,480.1,104
574.50,574.2,103
577.8,577.0,103
196.0,198.1,103
569.3,578.8,103
852.26,818.1,103
V02.59,1010.0,103
304.00,316.0,103
852.00,818.2,103
276.9,276.1,103
455.2,455.0,102
805.07,805.0,102
807.2,809.0,102
197.4,198.3,101
778.4,656.7,101
V10.43,184.11,101
444.89,444.0,101
112.1,112.0,101
252.00,252.1,101
440.4,440.2,101
278.03,513.3,100
781.0,350.1,100
909.2,990.0,100
807.04,807.0,100
V10.09,159.0,100
707.13,707.2,100
V10.03,150.0,100
274.01,274.11,99
V10.21,149.4,99
287.31,287.31,99
775.7,656.3,99
331.82,290.12,99
807.08,807.0,98
860.2,1008.0,98
V12.09,136.0,98
569.85,556.11,98
429.89,414.0,98
151.0,151.0,98
289.84,964.1,97
521.00,521.1,97
V53.32,426.92,97
998.83,875.0,97
579.0,557.1,97
865.00,1008.0,96
465.9,465.0,96
V12.53,427.42,96
572.0,571.8,96
305.20,316.0,96
435.9,433.31,96
517.8,510.0,95
453.40,452.2,95
852.06,818.2,95
811.00,803.3,94
780.4,386.9,94
372.30,369.5,94
736.79,735.0,94
482.2,480.1,94
585.5,585.32,94
070.51,70.3,93
V85.4,278.11,93
567.9,567.0,93
746.02,747.12,93
969.0,969.0,93
553.20,550.5,93
722.10,722.1,92
600.0,600.0,92
241.1,241.2,91
198.4,198.5,91
368.46,368.4,91
801.21,819.0,91
757.33,691.3,91
078.5,79.0,91
250.81,250.1,90
V15.51,1015.0,90
157.8,157.0,90
781.3,350.3,90
532.90,531.3,90
150.8,150.0,90
891.0,871.0,89
345.10,345.11,89
253.5,253.3,89
441.03,442.1,88
322.9,320.0,88
038.2,38.2,88
440.22,440.2,88
753.29,751.3,88
423.0,420.22,88
429.5,414.0,87
724.3,764.0,87
567.21,567.0,87
721.1,721.2,87
438.82,433.8,87
729.92,729.0,86
296.50,296.1,86
513.0,480.5,86
794.8,573.7,86
728.86,712.0,86
537.0,537.0,86
136.3,480.3,86
731.8,731.0,86
250.52,250.23,85
569.5,567.0,85
423.8,420.22,85
530.82,530.2,85
723.1,761.0,84
V85.41,278.11,84
590.80,590.0,84
868.04,1008.0,84
583.9,580.32,84
593.81,586.3,83
778.6,656.7,83
852.22,818.1,83
288.8,288.0,83
342.92,342.0,82
402.91,401.21,82
201.90,201.0,82
317,315.3,82
427.69,427.6,82
998.13,850.0,81
568.89,568.0,81
710.1,709.3,81
438.83,433.8,81
723.0,720.0,81
713.5,713.5,81
041.02,41.2,81
303.00,317.0,81
183.0,184.11,81
776.1,656.5,80
999.8,942.0,80
211.1,211.0,80
414.12,411.41,80
442.2,442.2,80
416.9,415.2,80
821.01,800.2,80
969.3,969.0,80
487.0,481.0,80
518.52,509.3,79
737.10,737.1,79
079.99,79.0,79
453.2,452.0,79
453.82,452.2,78
560.2,560.4,78
273.1,270.32,78
910.0,915.0,78
852.02,818.2,78
784.5,292.1,78
730.27,710.19,78
351.0,352.2,77
305.61,316.0,77
282.49,282.8,77
301.83,301.2,77
934.9,1001.0,77
789.2,579.2,77
304.21,316.0,77
786.6,519.9,77
244.1,244.1,76
782.0,687.4,76
807.4,809.0,76
441.3,442.11,76
996.69,81.0,76
253.2,253.2,76
707.04,707.1,75
425.5,425.8,75
V12.79,564.9,75
197.5,198.3,75
715.35,740.1,75
369.60,367.9,75
218.9,218.1,75
240.9,240.0,75
958.7,958.2,75
432.9,430.0,75
358.00,358.1,74
573.0,573.1,74
787.29,532.0,74
478.31,473.3,74
935.1,1001.0,74
729.81,771.1,74
786.2,512.8,74
296.90,296.0,74
813.42,803.2,74
532.00,531.1,74
807.05,807.0,73
053.9,53.0,73
138,324.0,73
162.2,165.1,73
991.6,780.0,73
342.91,342.0,73
410.81,411.2,73
569.89,569.0,73
772.6,656.4,73
428.41,428.3,73
796.3,458.0,73
155.1,155.0,72
242.00,242.1,72
696.0,696.42,72
511.0,507.0,72
719.46,745.0,72
174.8,174.11,72
552.21,550.6,72
V42.82,860.0,72
820.8,800.1,72
250.92,250.2,71
041.89,41.0,71
719.45,745.0,71
996.67,81.0,71
753.12,751.21,71
300.3,300.3,71
805.01,805.0,71
997.62,874.0,71
333.2,333.2,70
429.3,416.0,70
191.1,191.11,70
283.9,283.0,70
907.2,907.0,70
441.02,442.1,70
V44.6,599.0,70
188.8,189.21,70
771.6,657.0,70
V10.07,155.1,70
V07.1,949.0,70
V42.81,860.0,70
780.65,780.0,69
281.1,281.12,69
851.81,816.0,69
777.5,656.6,69
070.71,70.3,69
285.8,285.0,69
784.2,293.1,69
438.9,433.8,69
455.6,455.0,69
V14.0,960.2,69
907.0,819.0,68
965.09,965.1,68
593.4,586.4,68
778.8,656.7,68
455.3,455.0,68
801.22,819.0,68
709.8,689.0,68
582.81,580.14,67
767.19,665.0,67
805.06,805.0,67
730.17,710.12,67
275.0,275.1,67
995.0,946.0,66
457.1,450.0,66
V10.72,201.0,65
698.9,698.0,65
441.7,442.1,65
205.10,204.22,65
343.9,343.0,65
536.42,536.7,65
369.00,367.9,65
807.06,807.0,64
437.2,401.3,64
V45.61,366.0,64
722.52,722.6,64
337.9,337.0,64
711.06,711.1,64
995.93,994.1,64
437.9,433.0,64
275.49,275.5,64
295.30,295.1,64
444.21,444.0,63
747.81,747.2,63
770.0,656.0,63
607.84,605.0,63
608.86,608.0,63
722.93,722.9,63
793.11,514.2,63
823.00,800.3,63
934.8,1001.0,63
398.90,394.4,63
440.8,440.0,63
799.1,509.5,63
820.09,800.1,62
729.73,729.7,62
227.0,227.1,62
710.2,709.2,62
853.01,818.0,62
789.09,785.0,62
281.0,281.11,62
795.5,1010.0,62
478.29,479.0,61
996.49,858.0,61
478.74,473.0,61
730.18,710.12,61
336.1,334.0,61
262,260.2,61
531.00,531.1,61
510.0,506.0,61
038.40,38.1,60
434.01,433.21,60
820.22,800.2,60
530.20,530.12,60
284.89,284.0,60
742.4,752.2,60
764.08,637.0,60
331.3,331.1,59
808.41,802.0,59
295.62,295.1,59
996.01,426.91,59
345.50,345.12,59
V45.85,250.3,59
996.79,859.0,59
682.4,681.3,59
484.6,480.3,59
491.22,496.21,59
485,480.5,59
250.83,250.1,59
150.5,150.0,59
851.86,816.0,59
V10.02,149.5,59
282.5,282.5,58
283.0,283.1,58
824.8,801.1,58
569.49,565.0,58
350.1,352.1,58
174.9,174.11,58
455.8,455.0,58
041.10,41.1,58
287.3,287.31,57
429.83,425.8,57
752.51,751.12,57
791.9,598.9,57
372.72,372.0,57
787.6,561.0,57
719.06,741.4,57
443.81,443.7,56
522.5,522.5,56
197.1,198.2,56
296.89,296.1,56
733.42,733.4,56
403.00,401.22,56
752.61,751.12,56
530.21,530.12,56
873.63,873.0,56
420.91,420.21,56
571.6,571.6,56
342.00,342.0,56
715.95,740.9,56
446.5,446.5,56
996.04,426.92,55
461.9,464.0,55
191.2,191.11,55
354.0,351.0,55
416.2,415.2,55
294.9,290.3,55
789.51,198.0,55
786.03,513.31,55
V15.52,819.0,55
518.1,508.0,55
394.1,394.2,55
996.02,854.0,55
584.8,585.1,55
394.2,394.2,54
786.06,513.4,54
444.0,444.2,54
V55.2,559.0,54
746.89,747.1,54
487.1,481.0,54
530.5,530.5,54
721.90,721.1,54
577.9,577.0,54
574.91,574.2,54
771.7,657.0,54
338.19,338.1,54
733.82,733.8,54
996.66,81.0,54
537.82,537.1,53
V10.04,151.0,53
444.81,444.0,53
753.0,751.22,53
620.2,628.0,53
368.2,368.2,53
410.92,411.2,53
425.9,425.2,53
805.05,805.0,52
041.84,41.0,52
446.4,446.4,52
V10.89,195.1,52
801.20,819.0,52
423.2,420.22,52
348.0,348.4,52
290.0,290.13,52
305.40,316.0,52
825.25,801.0,52
396.0,394.1,52
433.31,433.11,51
560.39,560.2,51
569.82,556.1,51
786.1,479.0,51
296.30,296.22,51
196.3,198.1,51
447.6,446.9,51
980.0,317.0,50
491.20,496.21,50
537.84,537.1,50
324.0,324.0,50
780.93,292.3,50
V85.43,278.11,50
873.44,870.3,50
569.41,556.0,50
227.3,227.3,49
440.31,440.2,49
996.71,859.0,49
528.01,963.1,49
571.42,70.4,49
801.01,819.0,49
193,193.0,49
764.07,637.0,49
285.3,285.22,49
351.8,352.2,49
720.0,715.2,49
535.61,535.6,49
309.0,304.0,49
866.02,1008.0,49
345.40,345.12,49
806.00,805.0,49
358.01,358.1,48
771.8,657.0,48
770.83,656.2,48
966.3,966.0,48
738.4,738.4,48
588.89,588.0,48
191.9,191.11,48
865.03,1008.0,48
519.2,479.0,48
250.10,250.21,48
457.8,450.0,47
426.82,426.8,47
789.01,785.0,47
277.4,277.4,47
410.51,411.2,47
997.79,856.0,47
477.9,476.0,47
252.01,252.1,47
338.4,355.1,47
851.80,816.0,47
793.1,514.0,47
580.89,580.13,47
783.0,260.6,47
996.63,81.0,47
773.1,656.1,47
359.81,359.2,47
305.51,316.0,47
345.80,345.1,47
810.02,803.3,47
997.69,874.0,46
429.71,411.2,46
731.0,731.1,46
789.06,785.0,46
V10.47,187.2,46
852.25,818.1,46
053.19,53.1,46
426.12,426.22,46
211.2,211.0,46
443.29,442.4,46
813.44,803.2,46
443.21,442.4,46
305.63,316.0,46
722.0,722.1,46
359.4,359.2,46
916.0,915.0,46
279.00,279.11,46
550.92,550.1,46
853.00,818.0,45
596.0,596.1,45
623.8,619.4,45
415.12,415.11,45
V58.11,197.0,45
155.2,155.0,45
478.5,473.0,45
197.3,198.2,45
442.84,442.8,45
425.8,425.2,45
759.89,759.0,45
271.3,271.3,45
314.00,313.1,45
335.20,334.21,45
970.8,969.0,45
535.10,535.2,45
V13.51,743.2,45
V85.42,278.11,45
571.0,317.11,45
198.82,198.0,45
250.22,250.2,44
682.1,681.2,44
454.9,454.1,44
765.29,637.0,44
801.25,819.0,44
424.90,420.3,44
765.22,637.0,44
566,565.0,44
763.83,658.0,44
850.11,817.0,44
491.9,496.2,44
038.10,38.2,44
807.07,807.0,44
596.8,596.0,44
154.1,153.3,43
963.0,963.0,43
433.20,433.1,43
965.00,316.0,43
338.11,338.1,43
V15.1,429.1,43
786.8,513.8,43
536.49,536.7,43
556.6,555.21,43
455.5,455.0,43
685.1,686.3,43
295.32,295.1,43
492.0,496.1,43
414.10,411.41,43
368.8,368.0,43
786.30,516.1,43
378.54,378.5,42
323.9,323.8,42
530.89,530.0,42
438.13,433.8,42
530.0,530.5,42
198.1,198.0,42
519.4,513.8,42
823.32,800.3,42
681.10,681.1,42
212.7,212.0,42
750.3,750.11,42
228.04,228.0,41
865.09,1008.0,41
865.02,1008.0,41
813.41,803.21,41
V10.85,191.11,41
191.3,191.11,41
852.05,818.2,41
304.70,316.0,41
870.8,870.1,41
528.9,528.0,41
156.1,159.3,41
289.9,289.0,41
795.79,279.7,41
762.5,658.0,41
420.99,420.21,41
863.89,1008.0,41
707.06,707.1,40
715.98,740.9,40
773.2,656.1,40
924.00,916.0,40
535.01,535.1,40
682.0,681.2,40
771.83,657.0,40
965.01,316.0,40
357.6,316.1,40
851.82,816.0,40
995.90,994.1,40
386.00,386.1,40
850.5,817.0,40
707.02,707.1,40
204.00,204.11,39
786.05,512.7,39
823.02,800.3,39
443.24,442.4,39
490,497.0,39
403.11,401.22,39
569.62,536.7,39
722.71,722.7,39
446.6,446.8,39
996.2,855.0,39
411.0,411.2,39
598.9,597.1,39
041.5,41.0,39
198.2,198.7,39
110.3,110.13,39
729.72,729.7,39
812.01,803.1,39
357.5,317.1,39
357.0,357.0,39
277.3,270.33,39
733.99,733.0,38
805.08,805.0,38
805.04,805.0,38
494.1,496.3,38
733.19,743.2,38
536.8,536.8,38
733.09,743.13,38
788.41,599.5,38
426.52,426.31,38
153.6,153.2,38
695.89,695.8,38
453.86,452.2,38
824.0,801.1,38
304.71,316.0,38
451.89,451.0,38
882.0,871.1,37
153.3,153.2,37
V54.19,809.0,37
444.1,444.0,37
824.4,801.1,37
257.2,257.1,37
922.2,916.0,37
518.3,505.0,37
958.8,1012.0,37
527.2,527.2,37
695.3,695.3,37
806.05,805.0,37
478.30,473.3,37
191.8,191.11,37
707.10,707.2,37
041.01,41.2,37
110.1,110.11,37
787.3,561.2,37
753.3,751.22,37
277.30,270.33,37
575.10,574.3,37
112.4,480.3,37
738.19,738.0,37
423.1,420.22,37
853.06,818.0,37
796.2,402.0,37
522.4,523.31,37
294.11,290.1,36
534.40,531.1,36
537.3,537.0,36
530.2,530.12,36
374.30,374.3,36
344.89,344.0,36
157.9,157.0,36
410.61,411.2,36
309.28,304.0,36
565.0,565.0,36
786.52,512.2,36
789.07,785.0,36
275.03,275.1,36
295.72,295.1,36
748.3,748.0,36
V14.8,977.0,36
958.92,958.0,36
959.01,1009.0,36
198.0,198.0,36
726.10,726.0,36
519.8,519.8,36
575.12,574.3,35
573.9,573.0,35
719.7,741.3,35
305.91,316.0,35
530.6,530.6,35
386.11,386.2,35
567.31,712.0,35
211.4,208.0,35
228.01,228.1,35
433.01,433.11,35
575.8,575.7,35
304.20,316.0,35
812.09,803.1,35
263.1,260.0,35
366.8,366.0,35
864.02,1008.0,35
162.4,165.1,35
196.8,198.1,34
449,38.0,34
404.91,401.2,34
780.99,1005.0,34
784.59,292.1,34
812.21,803.1,34
528.00,528.1,34
251.1,251.1,34
379.41,379.4,34
822.0,800.4,34
558.3,930.0,34
537.9,537.0,34
462,465.2,34
443.22,442.4,34
567.89,567.0,34
552.3,550.2,34
435.2,433.31,34
821.23,800.2,34
619.1,617.0,34
290.41,290.16,33
766.21,658.0,33
292.12,316.0,33
874.8,870.6,33
764.05,637.0,33
456.0,530.2,33
873.8,870.0,33
188.9,189.21,33
250.71,250.15,33
333.99,333.0,33
349.0,967.0,33
614.6,614.1,33
780.1,292.6,33
279.52,81.12,33
286.0,286.13,33
333.0,333.8,33
571.49,70.4,32
742.3,752.2,32
777.8,656.6,32
054.2,54.0,32
555.0,555.1,32
745.2,747.11,32
599.72,593.2,32
728.85,772.2,32
716.96,716.9,32
555.2,555.1,32
790.93,796.0,32
245.2,245.21,32
567.8,567.0,32
921.2,916.0,32
250.20,250.2,32
922.32,916.0,32
493.00,495.0,32
787.21,532.0,32
972.6,972.6,31
965.02,316.0,31
605,604.1,31
808.43,802.0,31
787.03,789.0,31
865.04,1008.0,31
781.8,292.0,31
286.3,286.12,31
250.72,250.25,31
865.01,1008.0,31
V54.13,800.1,31
999.89,942.0,31
864.03,1008.0,31
493.91,495.2,31
228.09,228.0,31
153.8,153.2,31
153.9,153.2,31
338.12,338.1,31
359.9,359.2,31
588.1,588.0,31
997.91,401.0,31
414.04,411.4,31
289.89,289.0,31
772.10,656.4,31
593.89,586.0,31
873.20,870.4,31
724.4,763.0,31
378.51,378.5,31
776.7,656.5,31
779.0,656.0,31
V10.00,159.0,31
626.2,626.12,30
996.86,851.0,30
918.1,915.0,30
569.84,556.11,30
919.0,915.0,30
711.01,711.1,30
616.10,614.52,30
434.90,433.2,30
309.9,304.0,30
965.1,965.3,30
998.3,1011.0,30
153.4,153.2,30
746.9,747.1,30
562.13,562.2,30
711.05,711.1,30
996.76,857.0,30
881.00,871.0,30
530.12,530.1,30
847.0,841.0,30
205.01,204.21,30
704.8,704.8,30
453.85,452.2,30
394.0,394.2,30
731.3,731.0,30
277.88,277.0,30
530.4,530.0,30
799.0,1013.0,30
776.4,656.5,30
237.5,191.0,30
562.00,562.1,30
788.39,599.4,30
438.19,433.8,30
595.0,592.11,30
530.11,530.14,29
482.84,480.1,29
996.65,81.0,29
047.9,320.0,29
453.84,452.2,29
447.0,447.0,29
426.10,426.2,29
255.9,255.0,29
345.91,345.1,29
864.15,1008.0,29
913.0,915.0,29
608.4,601.8,29
811.09,803.3,29
410.12,411.2,29
V03.82,1010.0,29
759.82,758.0,29
283.19,283.2,29
289.0,289.8,29
788.1,599.3,29
425.7,425.2,29
304.10,316.0,29
853.05,818.0,29
368.16,368.91,29
766.0,658.0,29
567.38,567.0,29
853.02,818.0,29
862.0,1008.0,29
873.41,870.3,28
755.01,755.3,28
348.9,348.9,28
593.3,586.4,28
581.9,580.2,28
382.9,381.11,28
304.11,316.0,28
540.0,540.11,28
459.89,459.9,28
816.01,804.0,28
426.89,426.8,28
536.41,80.0,28
801.06,819.0,28
200.20,202.2,28
873.40,870.3,28
255.5,255.2,28
922.1,916.0,28
891.1,871.0,28
608.83,608.0,28
305.53,316.0,28
438.0,433.8,28
150.9,150.0,28
435.8,433.31,28
802.20,819.0,28
345.70,345.1,28
810.03,803.3,28
582.9,580.14,28
806.4,805.0,28
512.0,506.0,28
611.72,611.3,28
901.0,1007.0,28
410.42,411.2,28
763.0,658.0,28
110.5,110.13,28
447.2,447.0,28
767.1,665.0,28
305.02,317.1,28
823.82,800.3,28
806.20,805.0,28
273.3,270.35,28
741.90,752.11,27
V09.81,41.9,27
296.33,296.22,27
038.44,38.1,27
722.4,722.6,27
528.3,528.3,27
438.7,433.8,27
753.10,751.21,27
707.11,707.2,27
054.79,54.0,27
511.1,507.0,27
588.0,588.1,27
997.01,1011.0,27
151.8,151.0,27
722.91,722.9,27
864.01,1008.0,27
825.0,800.4,27
300.29,300.13,27
747.10,747.13,27
996.4,858.0,27
305.70,316.0,27
244.8,244.2,27
182.0,182.0,27
320.3,320.0,27
747.83,747.0,27
054.10,54.0,27
695.4,695.41,27
873.64,870.5,27
764.06,637.0,26
719.47,745.0,26
310.2,291.4,26
303.92,317.0,26
525.8,525.0,26
V12.02,324.0,26
784.42,473.4,26
800.26,819.0,26
708.0,947.0,26
737.39,737.3,26
320.9,320.0,26
427.61,427.61,26
569.1,565.0,26
441.1,442.1,26
273.2,270.32,26
009.0,8.0,26
723.4,765.0,26
305.93,316.0,26
404.93,401.2,26
041.00,41.2,26
555.1,555.1,26
596.1,596.0,26
286.4,286.11,26
395.0,394.3,26
156.0,159.3,26
305.21,316.0,26
881.01,871.0,26
320.82,320.0,26
252.1,252.2,26
336.9,334.0,26
459.9,459.9,26
883.0,871.2,25
V10.01,145.2,25
271.0,271.9,25
040.82,41.0,25
644.21,636.2,25
V10.44,184.1,25
800.21,819.0,25
196.5,198.1,25
682.8,681.0,25
552.1,550.4,25
278.8,278.0,25
V09.91,41.9,25
301.7,301.2,25
344.60,344.0,25
438.22,433.8,25
756.79,756.1,25
864.04,1008.0,25
599.60,599.1,25
779.5,656.0,25
265.1,261.2,25
962.3,962.2,25
318.1,315.3,25
220,220.0,25
V58.63,457.2,25
372.00,369.5,25
870.0,870.1,25
349.31,1011.0,25
835.00,830.0,25
535.30,317.1,25
779.82,656.9,25
574.31,574.2,25
537.4,537.0,25
V58.12,197.0,25
228.02,228.0,25
569.61,853.0,25
866.01,1008.0,25
508.1,500.0,25
579.8,557.0,24
759.6,759.0,24
999.39,80.0,24
250.03,250.1,24
826.0,801.0,24
786.39,516.1,24
365.70,365.0,24
998.51,80.0,24
575.4,575.7,24
709.9,689.0,24
875.0,870.0,24
238.79,200.0,24
967.8,967.0,24
757.32,217.0,24
V58.62,980.0,24
V46.1,509.8,24
304.03,316.0,24
934.0,1001.0,24
873.49,870.3,24
715.91,740.9,24
868.01,1008.0,24
263.8,260.0,24
346.80,340.0,24
765.13,637.0,24
453.51,452.2,24
202.88,202.2,24
924.10,916.0,24
307.1,305.21,24
342.80,342.0,24
426.7,426.4,24
821.11,800.2,24
627.1,627.1,24
447.4,447.0,24
812.00,803.1,24
924.11,916.0,24
801.00,819.0,24
595.82,990.0,24
571.3,317.11,24
428.1,428.2,23
531.70,531.2,23
695.9,695.9,23
110.4,110.12,23
790.94,246.7,23
791.0,269.0,23
824.2,801.1,23
202.10,202.2,23
331.5,331.1,23
733.14,743.22,23
480.9,480.2,23
433.21,433.11,23
583.89,580.32,23
530.84,530.0,23
345.41,345.12,23
999.3,80.0,23
823.92,800.3,23
806.25,805.0,23
806.09,805.0,23
300.9,300.0,23
528.09,528.11,23
772.13,656.4,23
772.12,656.4,23
862.29,1008.0,23
719.65,741.0,23
088.81,130.1,23
426.53,426.3,23
599.69,599.1,23
770.1,656.0,23
751.5,750.21,23
784.69,292.12,23
296.24,296.22,23
482.40,480.1,23
V85.36,278.11,23
446.29,446.3,23
823.01,800.3,23
442.81,442.8,23
905.4,800.0,23
969.8,969.0,23
682.5,681.7,23
782.7,287.1,23
385.89,385.0,23
698.3,695.7,22
815.00,804.0,22
550.10,550.1,22
751.1,750.21,22
593.5,586.4,22
443.89,443.8,22
V55.6,599.0,22
860.5,1008.0,22
788.31,599.4,22
478.24,479.0,22
553.29,550.5,22
890.0,871.0,22
788.21,599.2,22
710.4,709.4,22
552.8,550.0,22
325,325.0,22
156.2,159.3,22
595.9,592.1,22
573.4,573.0,22
625.6,624.9,22
453.83,452.0,22
342.02,342.0,22
269.0,261.0,22
519.01,80.0,22
202.00,202.21,22
291.1,317.1,22
301.9,301.0,22
196.6,198.1,22
436,433.6,22
574.71,574.2,22
478.75,473.3,22
362.81,362.8,22
801.02,819.0,22
707.01,707.1,22
648.91,649.0,22
333.85,333.4,21
112.9,112.0,21
764.09,637.0,21
574.61,574.2,21
532.50,531.3,21
812.20,803.1,21
596.51,596.5,21
574.90,574.2,21
900.89,1007.0,21
813.01,803.2,21
453.6,452.0,21
996.31,857.0,21
751.2,750.21,21
150.4,150.0,21
218.1,218.1,21
482.49,480.1,21
289.4,289.5,21
536.2,789.1,21
540.1,540.11,21
970.81,969.0,21
473.8,475.0,21
746.85,747.1,21
362.02,250.7,21
998.09,958.1,21
762.6,658.0,21
V45.12,585.31,21
770.3,656.2,21
253.7,258.0,21
070.20,70.2,21
997.99,1011.0,21
666.12,635.3,21
288.04,288.11,21
054.3,323.0,21
438.21,433.8,21
969.09,969.0,21
911.0,915.0,21
648.24,644.0,21
345.11,345.11,21
297.1,295.2,21
789.04,785.0,21
868.13,1008.0,21
780.03,348.7,21
274.00,274.11,21
255.0,255.11,21
806.04,805.0,21
429.4,429.1,21
860.1,1008.0,21
341.9,341.0,20
225.0,225.1,20
246.9,246.0,20
553.8,550.0,20
516.3,504.1,20
862.1,1008.0,20
V42.5,364.9,20
742.2,752.2,20
438.53,433.8,20
315.9,315.0,20
596.4,596.5,20
172.9,172.11,20
801.16,819.0,20
437.8,433.0,20
V85.38,278.11,20
861.22,1008.0,20
552.20,550.5,20
996.44,858.0,20
270.4,270.11,20
733.6,733.6,20
648.22,644.0,20
866.00,1008.0,20
154.0,153.3,20
284.11,284.1,20
851.85,816.0,20
289.82,286.8,20
793.19,514.0,20
996.52,859.0,20
290.3,290.13,20
304.31,316.0,20
860.3,1008.0,20
198.6,198.0,20
996.42,858.0,20
427.9,427.5,20
480.1,480.2,20
709.2,701.2,20
441.00,442.1,20
603.9,603.1,20
256.4,256.4,20
478.32,473.3,20
356.8,356.0,20
813.05,803.2,20
840.4,840.2,20
794.39,429.2,20
567.81,567.0,20
244.3,244.1,20
756.0,749.2,20
V44.59,599.0,19
569.9,569.0,19
776.5,656.5,19
482.30,480.1,19
579.9,557.0,19
528.0,528.11,19
751.69,750.22,19
521.09,521.1,19
V85.32,278.1,19
405.91,401.3,19
560.0,560.4,19
009.1,8.0,19
453.9,452.0,19
041.9,41.0,19
V85.34,278.1,19
805.03,805.0,19
V85.39,278.11,19
611.0,613.1,19
821.21,800.2,19
307.81,306.9,19
291.2,317.1,19
344.61,349.0,19
289.51,289.5,19
250.73,250.15,19
998.4,1011.0,19
648.93,649.0,19
202.83,202.2,19
202.81,202.2,19
996.68,81.0,19
811.03,803.3,19
342.81,342.0,19
808.8,802.0,19
998.30,1011.0,19
787.60,561.0,19
724.01,720.0,19
730.25,710.19,19
783.40,264.9,19
296.40,296.1,19
250.90,250.2,19
279.06,279.11,19
831.00,830.0,19
709.01,694.1,19
825.21,801.0,19
070.22,70.2,19
730.15,710.12,19
801.12,819.0,19
607.89,604.0,19
V14.2,961.1,19
802.5,819.0,18
359.1,359.1,18
357.82,357.0,18
482.39,480.1,18
996.75,855.0,18
426.6,426.25,18
279.01,279.11,18
729.9,729.0,18
760.79,658.0,18
803.21,819.0,18
277.7,277.7,18
272.8,277.5,18
368.40,368.4,18
574.01,574.11,18
698.8,698.0,18
807.00,807.0,18
994.7,1015.0,18
353.0,353.1,18
296.34,296.22,18
300.02,300.11,18
831.04,830.0,18
534.90,531.5,18
473.0,475.0,18
233.0,174.1,18
912.0,915.0,18
823.22,800.3,18
478.19,479.0,18
935.2,1001.0,18
726.5,726.1,18
V85.44,278.11,18
288.4,288.0,18
331.19,290.12,18
V12.41,225.1,18
200.80,202.2,18
200.00,202.22,18
484.7,480.3,18
345.51,345.12,18
242.20,242.2,18
348.3,348.8,18
574.41,574.2,18
346.00,340.1,18
764.97,637.0,18
251.3,258.0,18
070.1,70.1,18
519.11,498.0,18
784.49,473.4,18
580.9,580.13,18
733.49,733.4,18
787.23,532.0,18
873.1,870.3,17
781.99,781.0,17
883.2,871.2,17
813.43,803.2,17
283.11,283.21,17
238.1,199.0,17
594.1,594.2,17
746.3,747.12,17
909.3,1011.0,17
V02.61,1010.0,17
447.8,447.0,17
722.92,722.9,17
214.8,214.0,17
753.13,751.21,17
379.50,378.2,17
789.03,785.0,17
764.04,637.0,17
211.5,211.0,17
760.72,658.0,17
790.99,790.0,17
484.1,480.2,17
278.1,278.3,17
483.8,480.0,17
008.69,8.6,17
726.33,726.3,17
342.82,342.0,17
357.81,357.0,17
767.8,665.0,17
337.3,337.0,17
996.09,854.0,17
924.01,916.0,17
801.36,819.0,17
695.1,695.1,17
872.01,870.2,17
716.99,716.9,17
815.02,804.0,17
786.51,418.1,17
299.80,313.3,17
433.00,433.1,17
512.89,506.0,17
327.26,327.31,17
331.83,292.2,17
300.11,303.4,17
414.9,411.8,17
411.81,411.4,17
783.5,276.8,17
574.81,574.2,17
686.9,686.0,17
V85.31,278.1,17
279.8,279.8,17
389.10,389.1,17
564.89,564.0,17
764.98,637.0,17
751.62,750.22,17
345.71,345.1,17
152.0,159.2,17
587,580.4,17
777.6,656.6,17
440.29,440.2,17
309.24,304.0,17
V85.37,278.11,17
478.33,473.3,16
377.39,377.3,16
586,585.2,16
806.29,805.0,16
034.0,465.0,16
952.08,952.0,16
936,1001.0,16
478.25,479.0,16
291.3,317.1,16
079.89,79.0,16
V85.33,278.1,16
714.30,714.2,16
242.80,242.0,16
031.2,31.0,16
711.03,711.1,16
320.2,320.0,16
402.90,401.21,16
569.0,565.1,16
307.51,305.2,16
V01.1,1010.0,16
972.4,972.0,16
611.1,612.2,16
727.51,727.5,16
861.32,1008.0,16
255.8,255.0,16
810.01,803.3,16
438.12,433.8,16
730.16,710.12,16
V02.62,1010.0,16
694.5,695.22,16
295.60,295.1,16
958.2,850.0,16
851.02,816.0,16
721.2,721.1,16
441.6,442.1,16
876.0,870.0,16
153.2,153.2,16
730.26,710.19,16
153.1,153.2,16
756.6,756.1,16
600.91,600.0,16
V53.39,426.9,16
V02.9,1010.0,16
151.2,151.0,16
151.9,151.0,16
V58.1,197.0,16
756.83,756.3,16
800.22,819.0,16
861.01,1008.0,16
967.9,967.0,16
801.30,819.0,16
921.0,915.0,16
854.02,819.0,16
768.9,661.0,16
564.7,564.0,16
523.40,523.31,16
337.20,355.0,16
760.8,658.0,16
726.0,726.1,16
710.3,709.5,16
712.36,274.21,16
284.9,284.0,15
331.9,331.9,15
852.41,818.0,15
442.83,442.8,15
719.43,745.0,15
239.0,158.0,15
881.20,871.0,15
334.1,334.1,15
608.89,608.0,15
196.9,198.1,15
V14.5,965.1,15
967.0,967.0,15
344.9,344.0,15
886.0,872.0,15
749.00,749.1,15
282.60,282.5,15
556.8,555.2,15
881.10,871.0,15
437.5,433.32,15
558.1,990.0,15
596.3,596.0,15
296.23,296.22,15
475,474.0,15
V14.1,960.0,15
802.24,819.0,15
863.29,1008.0,15
598.8,597.1,15
361.9,361.0,15
305.23,316.0,15
362.10,362.3,15
362.30,362.4,15
824.5,801.1,15
531.50,531.2,15
743.65,749.0,15
770.5,656.2,15
417.8,415.0,15
737.19,737.1,15
757.39,691.0,15
756.19,754.0,15
648.21,644.0,15
157.2,157.0,15
389.8,389.0,15
464.30,465.0,15
413.1,411.3,15
722.6,722.6,15
902.89,1007.0,15
519.3,479.0,15
715.31,740.1,15
372.73,372.0,15
031.0,480.1,15
307.50,305.2,15
088.82,133.0,15
396.1,394.1,15
994.1,1015.0,15
359.89,359.2,15
354.9,351.0,15
354.2,351.0,15
820.20,800.1,15
996.39,857.0,15
353.6,353.0,15
581.81,580.2,15
V04.81,1010.0,15
724.8,724.8,15
358.0,358.1,15
111.9,110.2,15
703.8,703.0,15
305.62,316.0,15
780.71,798.1,15
V54.11,803.0,15
996.57,962.2,15
737.43,737.3,14
821.00,800.2,14
457.0,450.0,14
V04.82,1010.0,14
535.31,317.1,14
599.4,597.0,14
V14.6,965.0,14
767.3,665.0,14
905.0,819.0,14
824.9,801.1,14
304.23,316.0,14
924.8,916.0,14
304.90,316.0,14
882.2,871.1,14
723.5,723.1,14
V85.35,278.11,14
V10.91,195.1,14
477.8,476.0,14
289.7,289.9,14
705.1,705.0,14
282.2,282.9,14
576.4,575.8,14
600.90,600.0,14
881.02,871.0,14
879.4,870.0,14
799.3,799.0,14
712.30,274.21,14
730.05,710.11,14
799.89,1019.0,14
V71.4,1015.0,14
701.5,701.5,14
364.3,371.1,14
751.0,750.21,14
737.34,737.3,14
601.9,601.1,14
729.39,729.3,14
V05.8,1010.0,14
070.41,70.3,14
702.19,702.2,14
801.10,819.0,14
761.7,658.0,14
117.5,117.0,14
972.9,972.0,14
764.02,637.0,14
971.3,971.0,14
802.21,819.0,14
765.12,637.0,14
760.75,658.0,14
968.4,967.0,14
618.1,618.2,14
438.10,433.8,14
737.41,737.1,14
863.39,1008.0,14
173.3,172.2,14
648.23,644.0,14
812.03,803.1,14
760.0,658.0,14
414.11,411.41,14
995.29,979.0,14
279.50,81.1,14
136.9,136.0,14
482.89,480.1,14
996.56,859.0,13
761.2,658.0,13
802.22,819.0,13
802.29,819.0,13
277.87,277.0,13
789.30,579.0,13
772.0,656.4,13
802.1,819.0,13
V10.81,170.1,13
525.9,525.0,13
532.10,531.3,13
151.4,151.0,13
532.70,531.3,13
690.10,690.1,13
839.05,830.0,13
464.10,465.4,13
903.5,1007.0,13
866.12,1008.0,13
835.01,830.0,13
582.1,580.12,13
794.5,246.7,13
801.11,819.0,13
158.8,159.4,13
373.00,371.3,13
388.61,381.9,13
756.12,754.2,13
227.1,227.2,13
877.0,870.0,13
420.0,420.21,13
998.01,958.1,13
276.61,942.0,13
823.20,800.3,13
779.7,656.0,13
574.70,574.2,13
808.3,802.0,13
748.60,748.0,13
342.01,342.0,13
711.07,711.1,13
323.81,323.8,13
461.8,464.0,13
815.01,804.0,13
446.0,446.6,13
813.22,803.2,13
564.81,564.0,13
V85.30,278.1,13
345.00,345.1,13
239.6,191.0,13
320.1,320.0,13
764.96,637.0,13
952.05,952.0,13
753.19,751.21,13
205.02,204.21,13
980.9,981.0,13
948.00,1000.0,13
585.1,585.4,13
428.9,428.2,13
453.0,452.0,13
V12.42,324.0,13
V85.22,278.0,13
V12.61,480.0,13
356.1,356.0,13
451.19,451.2,13
727.00,727.1,13
V54.16,800.0,13
V01.79,1010.0,13
429.0,420.1,13
041.2,41.0,13
716.91,716.9,13
380.10,380.1,13
969.7,969.0,13
903.2,1007.0,12
903.1,1007.0,12
237.70,199.4,12
516.31,504.1,12
282.62,282.5,12
902.53,1007.0,12
518.7,942.0,12
284.12,284.1,12
110.8,110.1,12
279.03,279.11,12
273.9,270.3,12
851.41,816.0,12
891.2,871.0,12
292.9,316.0,12
710.9,709.7,12
243,244.5,12
507.8,500.0,12
759.81,758.0,12
654.21,654.1,12
253.8,253.0,12
715.89,740.3,12
762.3,658.0,12
472.0,472.0,12
868.14,1008.0,12
709.3,702.4,12
767.0,665.0,12
282.4,282.8,12
252.08,252.1,12
617.0,615.0,12
426.9,426.0,12
800.20,819.0,12
800.25,819.0,12
362.74,362.7,12
952.00,952.0,12
814.01,804.0,12
813.54,803.2,12
552.29,550.5,12
442.89,442.8,12
813.21,803.2,12
049.9,323.0,12
V32.01,634.0,12
426.2,426.32,12
813.11,803.2,12
803.20,819.0,12
574.21,574.1,12
041.82,41.0,12
706.2,706.2,12
354.3,351.0,12
728.71,728.7,12
982.8,981.0,12
965.8,965.0,12
351.9,352.2,12
977.8,979.0,12
437.1,433.3,12
565.1,565.0,12
975.2,975.0,12
434.10,433.2,12
806.01,805.0,12
158.0,159.4,12
461.0,464.0,12
789.1,573.3,12
788.99,599.8,12
300.21,300.12,12
908.9,1012.0,12
304.91,316.0,12
788.42,599.5,12
139.8,136.0,12
905.3,800.1,12
378.52,378.5,12
786.04,513.31,12
825.31,801.0,12
V03.81,1010.0,12
823.30,800.3,12
756.51,756.5,12
770.84,656.2,12
839.08,830.0,12
803.25,819.0,11
786.4,516.0,11
748.5,748.0,11
765.04,637.0,11
604.90,601.3,11
520.6,520.2,11
785.1,427.9,11
872.00,870.2,11
429.79,411.2,11
280.8,280.1,11
349.89,349.0,11
880.03,871.0,11
349.81,349.0,11
347.00,347.0,11
388.69,381.9,11
253.0,253.11,11
389.7,389.0,11
427.2,427.1,11
787.99,561.0,11
779.8,656.0,11
V12.52,451.0,11
369.8,367.9,11
123.1,134.1,11
746.7,747.12,11
368.13,368.9,11
795.51,1010.0,11
V85.45,278.11,11
582.89,580.14,11
376.01,369.0,11
422.91,420.1,11
762.1,658.0,11
V10.49,187.1,11
172.5,172.11,11
761.5,658.0,11
161.8,149.4,11
508.0,500.0,11
362.34,362.4,11
141.0,145.2,11
377.41,377.3,11
161.9,149.4,11
601.0,601.11,11
379.23,379.2,11
802.26,819.0,11
532.60,531.1,11
488.1,481.0,11
921.3,916.0,11
079.6,79.0,11
V12.03,133.0,11
710.8,709.6,11
851.40,816.0,11
211.6,211.0,11
900.03,1007.0,11
326,324.0,11
824.6,801.1,11
659.71,655.1,11
478.4,473.0,11
289.83,289.1,11
904.7,1007.0,11
540.9,540.11,11
310.0,291.4,11
754.70,755.1,11
772.8,656.4,11
926.19,1006.0,11
447.9,447.0,11
772.4,656.4,11
772.14,656.4,11
821.20,800.2,11
327.21,327.31,11
770.4,656.2,11
923.00,916.0,11
333.92,306.0,11
344.03,344.0,11
969.05,969.0,11
075,79.2,11
464.50,465.0,11
590.2,590.0,11
808.42,802.0,11
861.31,1008.0,11
965.61,965.0,11
202.40,204.0,11
659.61,654.0,11
851.01,816.0,11
959.12,1009.0,11
771.4,657.0,11
225.4,225.2,11
478.1,479.0,11
812.31,803.1,11
225.1,225.1,11
746.83,747.12,10
747.42,747.13,10
742.9,752.0,10
763.5,658.0,10
212.6,212.0,10
214.3,214.0,10
666.32,286.3,10
235.7,199.0,10
V06.1,1010.0,10
250.30,250.2,10
235.2,158.0,10
218.2,218.1,10
873.59,870.3,10
252.0,252.1,10
533.70,531.4,10
902.41,1007.0,10
533.40,531.1,10
903.3,1007.0,10
747.21,747.1,10
531.10,531.2,10
574.40,574.2,10
884.0,871.0,10
241.9,241.0,10
562.02,562.1,10
969.6,969.0,10
200.30,202.2,10
968.0,967.0,10
701.8,701.0,10
244.2,244.3,10
746.2,747.12,10
238.76,200.0,10
959.09,1009.0,10
958.93,958.0,10
996.41,858.0,10
881.22,871.0,10
957.1,907.0,10
171.3,170.2,10
574.30,574.2,10
747.61,747.2,10
164.0,164.0,10
885.0,872.0,10
237.71,199.4,10
952.03,952.0,10
648.94,649.0,10
762.2,658.0,10
239.7,199.0,10
525.10,525.1,10
691.8,939.0,10
154.8,153.0,10
874.4,870.6,10
763.1,658.0,10
524.60,526.41,10
552.00,550.3,10
581.1,580.12,10
620.8,619.1,10
304.73,316.0,10
372.39,369.5,10
V15.07,949.0,10
288.66,288.2,10
288.09,288.11,10
854.05,819.0,10
790.8,79.9,10
357.4,357.0,10
287.30,287.31,10
040.0,41.0,10
V10.61,204.1,10
802.9,819.0,10
614.4,614.32,10
862.39,1008.0,10
863.0,1008.0,10
863.1,1008.0,10
728.0,712.0,10
811.01,803.3,10
808.53,802.0,10
438.84,433.8,10
803.22,819.0,10
041.83,41.0,10
336.8,334.0,10
767.2,665.0,10
851.46,816.0,10
733.11,743.2,10
722.72,722.7,10
823.12,800.3,10
825.23,801.0,10
823.10,800.3,10
821.29,800.2,10
816.11,804.0,10
310.9,291.4,10
830.0,830.0,10
816.00,804.0,10
617.9,615.0,10
722.73,722.7,10
445.02,444.5,10
358.9,358.0,10
414.05,411.4,10
721.8,721.8,10
461.3,464.0,10
794.15,389.5,10
464.00,465.4,10
729.82,771.2,10
466.19,483.0,10
596.7,596.0,10
596.6,596.0,10
368.9,368.0,10
279.51,81.11,10
716.95,716.9,10
867.8,1008.0,10
349.2,349.0,10
864.14,1008.0,10
274.82,274.1,10
780.96,1005.0,10
273.4,270.34,10
516.0,504.0,10
344.01,344.0,10
279.4,279.2,10
517.2,709.3,10
806.06,805.0,10
781.6,781.0,10
806.26,805.0,10
348.82,348.0,10
379.43,379.4,10
V54.12,803.0,10
V54.17,805.0,10
380.4,380.4,10
778.0,656.7,10
388.30,389.4,10
714.2,714.1,10
255.10,255.12,10
729.2,766.0,10
424.3,395.4,10
V10.53,189.12,10
277.1,277.1,10
506.0,500.0,10
777.4,656.6,10
027.0,41.0,10
788.63,599.9,10
312.9,312.0,9
541,540.1,9
706.1,706.1,9
438.30,433.8,9
543.9,540.0,9
338.21,338.2,9
191.0,191.11,9
950.0,907.0,9
345.01,345.1,9
815.03,804.0,9
626.8,626.1,9
701.1,701.1,9
V43.4,459.7,9
816.02,804.0,9
202.82,202.2,9
807.5,809.0,9
453.3,452.0,9
453.75,452.2,9
305.41,316.0,9
995.27,979.0,9
921.9,916.0,9
996.78,858.0,9
588.8,588.0,9
438.50,433.8,9
171.5,170.2,9
191.4,191.11,9
821.33,800.2,9
425.11,425.11,9
425.3,425.1,9
433.80,433.1,9
754.81,756.21,9
773.0,656.1,9
569.42,565.0,9
803.26,819.0,9
442.0,442.8,9
174.4,174.11,9
996.03,411.4,9
812.40,803.1,9
323.82,323.8,9
567.82,567.0,9
806.21,805.0,9
958.91,958.0,9
752.63,751.12,9
173.7,172.2,9
701.9,701.0,9
777.1,656.6,9
357.7,357.0,9
955.2,907.0,9
990,990.0,9
813.23,803.2,9
344.09,344.0,9
764.95,637.0,9
953.4,907.0,9
189.1,189.12,9
195.0,195.3,9
802.38,819.0,9
440.30,440.2,9
705.83,705.3,9
747.69,747.2,9
814.00,804.0,9
444.09,444.2,9
704.00,704.1,9
318.0,315.3,9
802.28,819.0,9
355.3,351.0,9
783.3,1002.0,9
464.31,465.0,9
793.89,611.1,9
845.00,840.0,9
532.20,531.1,9
527.5,528.7,9
523.9,523.0,9
V15.09,949.0,9
674.54,674.0,9
763.82,658.0,9
867.6,1008.0,9
376.30,242.3,9
879.2,870.0,9
269.9,263.0,9
369.9,367.9,9
767.6,665.0,9
478.22,479.0,9
614.3,614.31,9
375.15,375.1,9
854.06,819.0,9
287.9,287.0,9
880.02,871.0,9
801.15,819.0,9
094.9,90.0,9
483.0,480.1,9
614.0,614.31,9
682.9,681.0,9
282.40,282.8,9
V85.23,278.0,9
863.99,1008.0,9
765.21,637.0,9
526.4,526.5,9
999.82,942.0,9
377.75,377.0,9
301.22,301.1,9
904.41,1007.0,9
453.87,452.2,9
453.89,452.0,9
130.7,131.0,9
742.1,752.2,9
421.9,420.3,9
251.5,251.8,9
493.21,495.11,9
223.0,223.0,9
800.01,819.0,9
590.00,590.0,9
755.63,755.61,9
764.92,637.0,9
765.01,637.0,9
535.11,535.2,9
281.2,281.13,9
133.0,132.0,9
796.4,1010.0,9
415.0,415.1,9
250.33,250.1,9
756.10,754.0,9
825.35,801.0,9
747.49,747.13,9
831.01,830.0,9
745.69,747.11,9
794.4,589.0,9
648.44,306.1,9
764.03,637.0,9
493.02,495.2,9
299.00,313.3,9
839.01,830.0,9
788.43,599.5,8
617.1,615.0,8
729.4,728.7,8
354.8,351.0,8
404.03,401.2,8
736.89,736.0,8
V85.25,278.0,8
V02.53,1010.0,8
620.1,628.0,8
378.9,378.0,8
383.00,381.3,8
780.8,705.8,8
681.00,681.1,8
747.29,747.13,8
141.8,145.2,8
011.90,10.0,8
365.10,365.1,8
780.33,345.3,8
730.06,710.11,8
996.77,858.0,8
348.2,348.2,8
414.19,411.41,8
156.9,159.3,8
171.4,170.2,8
153.7,153.2,8
780.50,327.0,8
360.00,371.0,8
583.1,580.12,8
V15.08,949.0,8
793.5,599.0,8
369.3,367.9,8
173.4,172.2,8
410.82,411.2,8
601.1,601.12,8
150.3,150.0,8
V06.6,1010.0,8
180.9,180.1,8
790.2,250.4,8
803.12,819.0,8
575.5,575.7,8
575.6,575.6,8
701.0,701.3,8
789.39,579.0,8
803.15,819.0,8
615.9,614.4,8
252.02,252.1,8
620.5,619.1,8
882.1,871.1,8
480.2,480.2,8
719.49,745.0,8
890.1,871.0,8
292.84,316.0,8
892.0,871.3,8
720.2,715.1,8
770.12,656.0,8
720.9,715.0,8
851.42,816.0,8
596.59,596.5,8
473.2,475.0,8
902.22,1007.0,8
721.7,721.0,8
756.89,756.3,8
839.42,830.0,8
722.11,722.1,8
596.9,596.0,8
300.14,303.1,8
300.22,300.12,8
226,226.0,8
535.00,535.1,8
301.4,301.1,8
708.9,947.0,8
V55.5,599.0,8
286.5,286.5,8
303.02,317.0,8
646.63,647.1,8
764.94,637.0,8
250.93,250.1,8
868.09,1008.0,8
868.02,1008.0,8
517.3,509.0,8
523.8,523.0,8
714.9,714.0,8
715.34,740.1,8
865.13,1008.0,8
274.03,274.11,8
864.12,1008.0,8
864.00,1008.0,8
647.83,647.0,8
278.02,278.0,8
716.80,716.9,8
493.81,495.2,8
879.8,870.0,8
880.00,871.0,8
279.53,81.11,8
491.8,496.2,8
529.0,529.1,8
863.21,1008.0,8
529.8,529.0,8
301.81,301.0,8
709.09,694.2,8
755.13,755.3,8
726.91,726.4,8
327.27,327.31,8
707.00,707.1,8
453.77,452.2,8
811.02,803.3,8
751.7,750.22,8
201.98,201.0,8
728.2,772.1,8
808.49,802.0,8
200.70,202.24,8
336.0,334.0,8
200.50,202.2,8
438.6,433.8,8
338.28,338.2,8
341.8,341.0,8
969.1,969.0,8
969.72,969.0,8
343.2,343.0,8
198.81,198.0,8
971.1,971.0,8
806.08,805.0,8
972.0,972.1,8
344.40,344.0,8
666.24,635.3,8
344.81,344.0,8
621.0,622.1,8
775.8,656.3,8
955.1,907.0,8
956.3,907.0,8
726.11,726.2,8
738.5,738.0,8
453.52,452.2,8
922.31,916.0,8
821.30,800.2,8
209.72,198.4,8
451.83,451.0,8
550.12,550.1,8
951.4,907.0,8
955.3,907.0,8
320.7,320.0,8
753.15,751.21,8
444.9,444.0,8
813.33,803.2,8
204.12,204.12,8
204.11,204.12,8
625.8,625.0,8
615.0,614.4,7
702.0,702.1,7
601.2,601.11,7
648.61,649.0,7
742.59,752.2,7
729.71,729.7,7
686.01,686.5,7
722.90,722.9,7
648.43,306.1,7
627.9,627.0,7
733.15,743.22,7
746.86,747.1,7
737.12,737.1,7
007.4,8.7,7
670.04,647.3,7
724.9,724.9,7
727.61,727.6,7
646.64,647.1,7
744.1,749.0,7
721.42,721.2,7
596.89,596.0,7
711.09,711.1,7
719.16,741.5,7
377.30,377.3,7
V85.24,278.0,7
443.23,442.4,7
296.32,296.22,7
844.1,840.3,7
844.9,840.0,7
801.31,819.0,7
039.1,480.1,7
903.8,1007.0,7
850.9,817.0,7
513.1,480.5,7
235.3,199.0,7
235.5,158.0,7
294.0,290.0,7
V43.1,366.0,7
052.9,79.1,7
415.13,415.11,7
079.51,79.0,7
921.1,916.0,7
923.03,916.0,7
359.71,359.2,7
836.1,830.0,7
771.82,657.0,7
458.1,458.9,7
952.04,952.0,7
466.11,483.0,7
470,470.0,7
473.3,475.0,7
478.79,473.0,7
375.55,375.0,7
205.11,204.22,7
204.01,204.11,7
482.81,480.1,7
358.1,358.0,7
053.79,53.0,7
365.63,365.0,7
054.19,54.0,7
272.2,272.13,7
279.49,279.2,7
863.30,1008.0,7
377.01,377.0,7
788.38,599.4,7
377.49,377.3,7
378.10,378.1,7
378.87,378.0,7
862.22,1008.0,7
861.13,1008.0,7
786.07,512.1,7
785.9,429.3,7
275.01,275.11,7
383.9,381.3,7
272.6,277.51,7
783.6,260.7,7
410.02,411.2,7
286.2,286.1,7
268.2,261.41,7
867.2,1008.0,7
783.1,278.4,7
794.9,794.0,7
782.5,513.3,7
259.4,259.0,7
871.1,870.1,7
872.8,870.2,7
V10.84,190.0,7
873.52,870.3,7
796.1,350.5,7
287.1,287.4,7
879.6,870.0,7
203.01,204.4,7
480.8,480.2,7
959.7,1009.0,7
751.3,750.21,7
344.04,344.0,7
341.0,341.0,7
755.50,755.4,7
337.22,355.0,7
537.1,537.0,7
754.89,756.0,7
808.9,802.0,7
753.9,751.2,7
117.7,117.0,7
333.72,333.4,7
333.6,333.4,7
157.1,157.0,7
812.50,803.1,7
153.0,153.2,7
V06.8,1010.0,7
534.00,531.1,7
309.4,304.0,7
820.03,800.1,7
564.2,539.0,7
149.0,149.0,7
148.1,149.3,7
078.11,78.0,7
569.2,565.0,7
569.86,556.1,7
571.9,571.5,7
318.2,315.3,7
574.11,574.12,7
574.60,574.2,7
574.80,574.2,7
V02.51,1010.0,7
344.30,344.0,7
V56.0,585.31,7
530.13,530.15,7
762.4,658.0,7
304.60,316.0,7
191.5,191.11,7
804.25,819.0,7
756.3,756.2,7
824.1,801.1,7
528.2,528.12,7
188.2,189.21,7
995.61,930.0,7
758.7,758.1,7
302.50,302.0,7
758.6,758.1,7
304.61,316.0,7
200.28,202.2,7
823.21,800.3,7
345.81,345.1,7
763.6,658.0,7
521.81,521.0,7
964.2,964.1,7
834.02,830.0,6
813.83,803.2,6
832.00,830.0,6
716.94,716.9,6
286.1,286.1,6
825.1,801.0,6
321.0,320.0,6
315.8,315.0,6
V10.62,204.2,6
282.46,282.8,6
825.22,801.0,6
295.20,295.1,6
820.02,800.1,6
719.02,741.4,6
642.44,642.1,6
289.8,289.0,6
289.50,289.5,6
305.52,316.0,6
289.3,289.4,6
301.20,301.1,6
823.80,800.3,6
852.42,818.0,6
295.92,295.1,6
V10.88,194.0,6
723.8,723.0,6
822.1,800.4,6
821.31,800.2,6
308.0,300.8,6
722.2,722.1,6
823.81,800.3,6
839.03,830.0,6
863.45,1008.0,6
746.87,747.1,6
647.81,647.0,6
277.89,277.0,6
170.7,170.1,6
171.0,170.2,6
115.99,117.1,6
996.43,858.0,6
173.5,172.2,6
180.8,180.1,6
991.1,1014.0,6
189.2,189.4,6
980.2,981.0,6
666.34,286.3,6
975.4,975.0,6
192.1,191.1,6
194.0,194.0,6
200.10,202.23,6
202.60,202.0,6
170.0,170.1,6
163.9,165.0,6
161.1,149.4,6
150.1,150.0,6
V05.2,1010.0,6
V01.7,1010.0,6
681.11,681.1,6
147.8,149.2,6
147.9,149.2,6
684,686.2,6
674.84,674.0,6
695.2,695.81,6
156.8,159.3,6
674.32,674.0,6
158.9,159.4,6
694.4,695.22,6
996.89,851.0,6
161.0,149.4,6
203.02,204.4,6
955.7,907.0,6
952.9,952.0,6
269.8,263.0,6
242.91,242.0,6
874.02,870.6,6
873.74,870.5,6
648.63,649.0,6
260,260.21,6
866.03,1008.0,6
270.6,270.21,6
813.82,803.2,6
864.13,1008.0,6
648.04,649.1,6
275.1,275.2,6
275.5,275.51,6
094.0,90.0,6
647.84,647.0,6
239.5,199.0,6
239.1,199.0,6
208.90,204.0,6
905.1,805.0,6
933.0,1001.0,6
927.20,1006.0,6
916.2,911.0,6
914.0,915.0,6
216.5,216.0,6
906.4,1006.0,6
218.0,218.1,6
711.02,711.1,6
904.53,1007.0,6
900.82,1007.0,6
233.7,189.2,6
892.1,871.3,6
236.91,199.0,6
881.11,871.0,6
239.2,199.0,6
127.2,134.1,6
780.94,1005.0,6
793.7,793.0,6
744.29,749.0,6
735.4,735.21,6
603.8,603.1,6
395.2,394.3,6
604.0,601.3,6
391.1,420.3,6
607.2,601.8,6
745.10,747.11,6
389.15,389.1,6
733.81,733.8,6
607.82,604.2,6
784.41,473.4,6
386.30,386.3,6
386.12,386.2,6
733.41,733.4,6
759.3,759.0,6
758.9,758.1,6
379.91,379.9,6
608.9,608.0,6
376.33,242.3,6
758.81,758.1,6
758.5,758.1,6
789.05,785.0,6
790.22,250.41,6
532.30,531.3,6
372.03,369.5,6
371.40,364.4,6
370.34,370.3,6
370.00,370.1,6
759.9,759.0,6
526.89,526.9,6
V15.04,930.0,6
446.7,446.7,6
473.1,475.0,6
482.32,480.1,6
V45.09,426.9,6
453.76,452.2,6
453.72,452.2,6
495.9,500.1,6
453.50,452.2,6
453.1,452.0,6
451.9,451.0,6
738.3,738.0,6
451.0,451.2,6
772.2,656.4,6
502,500.2,6
512.2,506.0,6
813.32,803.2,6
764.93,637.0,6
595.1,592.13,6
441.9,442.1,6
775.81,656.3,6
440.32,440.2,6
437.7,433.0,6
524.00,526.3,6
437.4,433.0,6
432.0,430.0,6
425.18,425.12,6
053.0,320.0,6
V15.05,930.0,6
780.59,327.0,6
532.41,531.1,6
790.21,250.41,6
756.14,754.0,6
362.03,250.7,6
618.01,618.1,6
558.2,569.1,6
751.4,750.21,6
560.32,560.2,6
801.76,819.0,6
746.09,747.12,6
802.39,819.0,6
359.2,359.1,6
729.6,1001.0,6
802.7,819.0,6
355.1,351.0,6
750.4,750.14,6
804.21,819.0,6
804.26,819.0,6
346.20,340.0,6
728.9,772.0,6
568.82,568.0,6
572.1,571.8,6
333.90,333.0,6
333.82,333.4,6
727.05,727.1,6
727.03,727.1,6
625.3,626.2,6
573.5,573.0,6
575.3,575.7,6
078.10,78.0,6
747.40,747.13,6
801.35,819.0,6
802.25,819.0,6
008.63,8.6,6
730.12,710.12,6
755.59,755.4,6
796.0,1010.0,6
730.24,710.19,6
616.4,614.54,6
800.10,819.0,6
800.12,819.0,6
363.20,371.1,6
550.11,550.1,6
362.31,362.4,6
464.51,465.0,6
753.22,751.3,6
801.24,819.0,6
362.11,362.3,6
745.8,747.11,5
V06.3,1010.0,5
958.1,958.0,5
V50.41,175.0,5
758.1,758.1,5
V74.1,1010.0,5
741.93,752.11,5
754.32,755.61,5
703.0,703.1,5
995.83,1015.0,5
755.02,755.3,5
998.33,1011.0,5
697.0,695.7,5
692.4,939.0,5
955.6,907.0,5
V04.0,1010.0,5
702.8,702.0,5
745.61,747.11,5
958.3,876.0,5
753.17,751.21,5
998.00,958.1,5
758.89,758.1,5
746.1,747.12,5
704.1,704.2,5
998.02,958.1,5
759.5,759.0,5
972.1,972.1,5
744.3,749.0,5
970.1,969.0,5
761.3,658.0,5
748.69,748.0,5
992.0,1014.0,5
754.0,749.0,5
995.3,949.0,5
752.0,751.11,5
754.30,755.61,5
966.1,966.0,5
750.0,750.13,5
683,289.4,5
726.2,726.0,5
951.0,907.0,5
801.65,819.0,5
839.20,830.0,5
842.00,840.0,5
721.41,721.2,5
801.32,819.0,5
851.00,816.0,5
851.05,816.0,5
852.29,818.1,5
852.31,818.1,5
800.76,819.0,5
852.46,818.0,5
854.01,819.0,5
719.03,741.4,5
794.02,346.2,5
718.46,739.0,5
793.4,564.8,5
839.06,830.0,5
722.51,722.6,5
950.9,907.0,5
839.02,830.0,5
813.03,803.2,5
814.03,804.0,5
813.02,803.2,5
815.09,804.0,5
815.19,804.0,5
727.09,727.1,5
728.84,728.0,5
724.03,720.1,5
806.03,805.0,5
805.8,805.0,5
805.00,805.0,5
804.22,819.0,5
804.20,819.0,5
836.0,830.0,5
802.36,819.0,5
716.97,716.9,5
793.0,346.1,5
V10.60,204.0,5
863.40,1008.0,5
780.51,327.3,5
V27.2,651.0,5
893.0,871.4,5
900.1,1007.0,5
901.1,1007.0,5
902.21,1007.0,5
902.23,1007.0,5
903.01,1007.0,5
775.4,656.3,5
904.2,1007.0,5
708.8,947.0,5
917.2,911.0,5
924.9,916.0,5
741.00,752.11,5
771.89,657.0,5
880.13,871.0,5
878.2,870.8,5
712.33,274.21,5
715.80,740.3,5
715.97,740.9,5
789.02,785.0,5
863.84,1008.0,5
788.64,599.9,5
V13.65,747.0,5
787.1,530.9,5
733.16,743.2,5
V15.02,930.0,5
715.09,740.2,5
782.61,782.6,5
872.02,870.2,5
873.65,870.5,5
713.1,713.0,5
873.73,873.0,5
813.52,803.2,5
618.0,618.1,5
523.10,523.1,5
648.13,649.0,5
607.83,604.0,5
518.53,509.3,5
287.0,287.2,5
323.8,323.8,5
379.00,379.1,5
323.61,323.0,5
507.1,500.0,5
142.0,145.3,5
208.00,204.0,5
288.61,288.2,5
648.64,649.0,5
611.8,613.8,5
288.62,288.2,5
207.80,204.0,5
482.31,480.1,5
322.0,320.0,5
478.34,473.3,5
290.43,290.16,5
146.0,149.1,5
203.80,204.4,5
283.2,285.8,5
648.81,649.1,5
293.1,290.2,5
334.3,334.1,5
530.87,1011.0,5
078.19,78.0,5
373.13,371.3,5
270.0,270.1,5
339.00,340.0,5
337.29,355.0,5
597.0,592.2,5
525.50,525.1,5
212.3,212.0,5
599.1,597.0,5
130.0,323.0,5
277.9,277.0,5
097.1,90.0,5
599.6,599.1,5
112.81,420.3,5
376.89,376.0,5
377.10,377.1,5
648.92,649.0,5
209.29,195.0,5
209.21,165.1,5
292.85,316.0,5
310.1,290.3,5
070.31,70.2,5
434.00,433.2,5
395.1,394.3,5
305.22,316.0,5
304.93,316.0,5
191.7,191.11,5
304.81,316.0,5
625.9,625.0,5
642.51,642.1,5
626.0,626.11,5
435.3,433.31,5
304.41,316.0,5
199.0,195.1,5
627.3,627.3,5
429.1,414.0,5
405.01,401.3,5
632,634.1,5
426.51,426.31,5
405.99,401.3,5
304.02,316.0,5
184.4,184.2,5
422.90,420.1,5
192.2,191.1,5
442.82,442.8,5
152.2,159.2,5
453.71,452.0,5
471.8,471.0,5
202.70,202.2,5
154.3,153.3,5
464.11,465.4,5
308.2,300.8,5
388.70,382.0,5
294.21,290.1,5
454.0,454.11,5
295.74,295.1,5
448.9,448.0,5
172.6,172.11,5
389.00,389.2,5
162.0,165.1,5
622.10,180.3,5
201.50,201.0,5
448.0,448.0,5
447.71,447.7,5
200.40,202.2,5
172.3,172.11,5
172.4,172.11,5
342.10,342.0,5
300.7,303.4,5
542,540.1,5
357.89,357.0,5
255.42,255.22,5
669.32,669.0,5
048,324.0,5
368.15,368.9,5
237.3,199.0,5
556.3,555.2,5
556.2,555.21,5
584.6,585.1,5
046.3,324.0,5
665.51,665.0,5
052.1,480.2,5
009.2,8.0,5
253.1,253.1,5
362.89,362.0,5
249.01,249.0,5
359.21,359.1,5
036.0,320.0,5
036.2,38.1,5
242.01,242.1,5
582.2,580.11,5
250.32,250.2,5
256.1,256.0,5
238.2,173.0,5
360.01,371.0,5
573.1,70.0,5
246.8,246.0,5
053.29,369.2,5
850.0,817.0,4
728.13,728.1,4
246.2,246.2,4
749.20,749.1,4
236.7,189.2,4
875.1,870.0,4
201.58,201.0,4
874.9,870.6,4
265.2,261.2,4
235.4,199.0,4
250.21,250.1,4
617.3,615.0,4
730.04,710.11,4
730.01,710.11,4
250.31,250.1,4
748.0,749.0,4
202.78,202.2,4
748.4,748.0,4
958.5,958.0,4
249.81,249.0,4
771.2,657.0,4
463,474.1,4
618.5,618.5,4
754.79,755.1,4
202.08,202.21,4
847.1,841.0,4
539.89,539.0,4
619.0,617.0,4
233.9,189.0,4
293.89,291.1,4
200.23,202.2,4
446.21,446.3,4
427.42,427.41,4
556.4,555.2,4
977.9,979.0,4
753.8,751.2,4
879.7,870.0,4
627.2,627.2,4
779.2,656.0,4
880.01,871.0,4
556.0,555.21,4
427.60,427.6,4
553.9,550.0,4
845.03,840.3,4
238.6,200.0,4
989.89,989.0,4
752.69,751.12,4
426.50,426.3,4
300.15,303.1,4
422.93,420.1,4
881.21,871.0,4
780.02,292.5,4
422.0,420.1,4
296.99,296.0,4
751.60,750.22,4
726.60,726.1,4
879.5,870.0,4
968.5,967.0,4
623.5,624.0,4
873.53,870.5,4
844.8,840.0,4
237.0,199.0,4
844.2,840.3,4
564.3,569.2,4
969.5,969.0,4
727.3,727.2,4
442.1,442.8,4
775.89,656.3,4
727.04,727.1,4
750.9,750.1,4
195.8,195.1,4
562.01,562.2,4
887.2,872.0,4
296.44,296.1,4
887.0,872.0,4
237.6,191.0,4
292.11,316.0,4
852.24,818.1,4
730.22,710.19,4
746.01,747.12,4
868.19,1008.0,4
216.7,216.0,4
277.6,277.6,4
211.8,211.0,4
762.7,658.0,4
757.0,757.0,4
762.8,658.0,4
922.8,916.0,4
869.0,1008.0,4
599.84,597.0,4
863.42,1008.0,4
923.20,916.0,4
863.81,1008.0,4
863.52,1008.0,4
924.20,916.0,4
863.50,1008.0,4
763.89,658.0,4
602.3,602.3,4
736.81,736.6,4
736.72,735.0,4
258.01,259.8,4
742.0,752.1,4
864.09,1008.0,4
595.89,592.1,4
593.82,586.4,4
908.1,1008.0,4
759.0,759.0,4
215.5,215.0,4
759.2,759.1,4
758.39,758.1,4
758.2,758.1,4
259.9,259.0,4
259.2,259.2,4
868.10,1008.0,4
528.5,528.5,4
868.12,1008.0,4
865.12,1008.0,4
273.0,270.31,4
526.9,526.9,4
214.1,214.1,4
274.11,274.11,4
918.0,915.0,4
595.2,592.12,4
904.1,1007.0,4
927.10,1006.0,4
204.02,204.11,4
767.11,665.0,4
500,500.2,4
902.87,1007.0,4
902.54,1007.0,4
534.50,531.5,4
755.67,755.1,4
747.41,747.13,4
766.2,658.0,4
852.40,818.0,4
290.12,290.1,4
952.8,952.0,4
927.3,1006.0,4
747.5,747.0,4
478.21,479.0,4
730.88,710.0,4
571.40,70.4,4
867.1,1008.0,4
535.70,535.8,4
615.1,614.4,4
616.0,614.51,4
768.3,661.0,4
902.9,1007.0,4
872.61,870.2,4
608.2,603.0,4
255.2,255.3,4
187.4,187.1,4
746.6,747.12,4
863.20,1008.0,4
282.3,282.9,4
746.81,747.11,4
756.4,756.0,4
519.9,519.0,4
939.0,1001.0,4
734,735.1,4
604.99,601.3,4
756.17,752.1,4
939.2,1001.0,4
228.1,228.0,4
861.20,1008.0,4
942.04,1000.0,4
756.16,754.0,4
516.36,504.1,4
607.9,604.0,4
288.01,288.11,4
883.1,871.2,4
551.8,550.0,4
812.42,803.1,4
379.24,379.2,4
322.2,320.0,4
144.0,145.5,4
701.2,701.6,4
V42.1,429.1,4
648.03,649.1,4
052.7,79.1,4
648.14,649.0,4
141.9,145.2,4
794.2,514.1,4
379.92,379.9,4
379.21,379.2,4
787.24,532.0,4
715.00,740.2,4
V15.59,1015.0,4
813.18,803.2,4
714.89,714.0,4
714.81,714.1,4
378.81,378.0,4
715.94,740.9,4
379.99,379.0,4
307.89,303.4,4
367.1,367.1,4
031.9,31.0,4
355.2,351.0,4
153.5,153.2,4
309.89,304.0,4
718.31,742.2,4
152.8,159.2,4
784.92,526.0,4
803.75,819.0,4
716.98,716.9,4
700,700.0,4
038.41,38.1,4
816.12,804.0,4
V44.50,599.0,4
041.03,41.2,4
041.05,41.2,4
786.02,513.32,4
381.4,381.1,4
V42.6,510.2,4
137.0,10.0,4
V15.5,1015.0,4
130.9,131.0,4
789.33,579.0,4
333.4,333.3,4
333.7,333.4,4
333.91,333.0,4
652.21,652.0,4
334.0,334.1,4
334.2,334.1,4
663.31,663.0,4
086.0,133.0,4
341.20,323.2,4
377.16,377.1,4
084.0,133.0,4
808.51,802.0,4
082.40,136.0,4
659.51,654.0,4
374.32,374.3,4
V10.90,195.1,4
708.3,947.0,4
808.1,802.0,4
332.1,349.0,4
664.01,665.0,4
V13.09,599.0,4
V10.29,165.0,4
120.9,134.0,4
793.2,793.2,4
649.03,318.0,4
706.8,706.8,4
806.07,805.0,4
V07.4,627.22,4
344.2,344.0,4
118,117.0,4
377.00,377.0,4
722.83,722.8,4
792.0,346.3,4
812.41,803.1,4
111.0,110.2,4
806.24,805.0,4
327.42,327.5,4
343.1,343.0,4
376.32,242.3,4
308.3,300.8,4
707.9,707.3,4
821.10,800.2,4
394.9,394.2,4
692.6,931.0,4
801.75,819.0,4
642.54,642.1,4
996.45,858.0,4
692.82,938.0,4
996.47,858.0,4
718.49,739.0,4
996.53,859.0,4
674.04,671.0,4
719.07,741.4,4
782.2,687.2,4
305.80,316.0,4
719.42,745.0,4
719.40,745.0,4
802.27,819.0,4
800.00,819.0,4
171.6,170.2,4
821.39,800.2,4
801.72,819.0,4
823.90,800.3,4
176.0,230.0,4
692.3,939.0,4
303.03,317.0,4
800.36,819.0,4
680.2,686.1,4
780.64,780.0,4
304.30,316.0,4
995.81,1015.0,4
362.06,250.7,4
686.1,686.4,4
404.92,401.2,4
008.5,8.5,4
780.9,1005.0,4
009.3,8.0,4
800.31,819.0,4
404.01,401.2,4
V85.21,278.0,4
824.3,801.1,4
402.01,401.21,4
164.8,164.0,4
173.2,172.2,4
996.84,510.2,4
357.3,357.0,4
784.1,478.0,4
388.8,388.0,4
718.87,742.9,4
V54.01,809.0,4
018.94,10.0,4
718.88,742.9,4
V49.85,389.0,4
027.2,41.0,4
673.23,671.0,4
996.88,860.0,4
719.01,741.4,4
V53.91,250.3,4
694.8,695.2,4
164.2,164.0,4
874.12,870.6,3
803.36,819.0,3
249.60,249.0,3
361.89,361.0,3
338.0,355.0,3
536.1,536.0,3
250.23,250.1,3
753.21,751.3,3
265.0,261.2,3
531.41,531.1,3
800.71,819.0,3
343.0,343.0,3
550.91,550.1,3
239.89,199.0,3
791.3,598.0,3
865.14,1008.0,3
753.5,751.2,3
270.7,270.2,3
339.3,339.0,3
537.81,537.0,3
800.61,819.0,3
753.4,751.2,3
365.65,365.0,3
753.23,751.3,3
372.40,372.0,3
530.9,530.0,3
803.01,819.0,3
531.30,531.2,3
339.20,339.0,3
258.9,259.0,3
342.11,342.0,3
873.71,870.5,3
362.52,362.22,3
373.2,371.3,3
354.5,355.0,3
873.60,870.5,3
800.30,819.0,3
254.8,254.0,3
793.99,1010.0,3
873.22,870.4,3
245.9,245.0,3
368.47,368.4,3
878.0,870.8,3
794.09,346.2,3
550.00,550.1,3
359.22,359.1,3
249.11,249.0,3
368.41,368.4,3
872.69,870.2,3
879.3,870.0,3
804.35,819.0,3
352.6,352.0,3
354.1,351.0,3
802.35,819.0,3
253.4,253.4,3
755.60,755.6,3
873.61,870.5,3
369.70,367.9,3
801.71,819.0,3
365.22,365.2,3
367.4,367.4,3
760.2,658.0,3
795.39,1010.0,3
355.0,351.0,3
801.82,819.0,3
754.1,749.0,3
349.9,349.0,3
793.6,564.8,3
870.1,870.1,3
870.2,870.1,3
348.81,348.0,3
802.23,819.0,3
256.39,627.5,3
533.00,531.1,3
755.55,755.3,3
417.1,415.0,3
865.10,1008.0,3
272.9,272.9,3
782.8,687.3,3
774.39,656.8,3
306.9,303.3,3
389.12,389.1,3
783.41,264.2,3
783.43,264.1,3
307.23,313.2,3
389.03,389.2,3
296.00,296.1,3
850.4,817.0,3
295.80,295.1,3
851.06,816.0,3
454.1,454.11,3
455.1,455.0,3
455.4,455.0,3
455.9,455.0,3
771.1,657.0,3
307.59,305.2,3
293.83,296.0,3
851.89,816.0,3
784.61,292.12,3
308.9,300.8,3
471.0,471.0,3
471.9,471.0,3
817.0,804.0,3
816.13,804.0,3
474.11,474.2,3
770.18,656.0,3
770.16,656.0,3
389.22,389.0,3
445.81,444.5,3
306.1,303.3,3
429.6,414.0,3
826.1,801.0,3
825.29,801.0,3
301.3,301.2,3
410.90,411.2,3
301.51,301.0,3
831.03,830.0,3
779.84,656.0,3
410.22,411.2,3
304.22,316.0,3
780.66,942.0,3
780.72,344.0,3
297.9,295.2,3
404.90,401.2,3
836.50,830.0,3
440.9,440.0,3
778.5,656.7,3
433.81,433.11,3
238.8,199.0,3
781.1,350.6,3
437.6,433.2,3
402.00,401.21,3
839.04,830.0,3
304.83,316.0,3
438.40,433.8,3
776.2,656.5,3
840.8,840.0,3
840.9,840.0,3
775.9,656.3,3
852.03,818.2,3
292.89,316.0,3
477.0,476.0,3
331.89,331.0,3
788.37,599.4,3
861.30,1008.0,3
764.91,637.0,3
522.6,523.32,3
812.44,803.1,3
523.3,523.31,3
863.43,1008.0,3
863.49,1008.0,3
763.84,658.0,3
788.8,599.8,3
788.91,599.8,3
863.53,1008.0,3
524.10,526.3,3
763.3,658.0,3
812.59,803.1,3
524.69,526.4,3
810.10,803.3,3
525.11,525.0,3
525.3,525.0,3
334.9,334.1,3
277.00,499.0,3
761.8,658.0,3
335.22,334.2,3
275.40,275.5,3
335.23,334.2,3
864.19,1008.0,3
374.31,374.3,3
274.02,274.11,3
788.33,599.4,3
378.00,378.1,3
852.11,818.2,3
289.52,289.5,3
312.30,312.3,3
768.5,661.0,3
312.39,312.3,3
815.10,804.0,3
786.01,513.4,3
382.01,381.11,3
814.09,804.0,3
814.08,804.0,3
478.20,479.0,3
380.22,380.1,3
320.89,320.0,3
379.56,378.2,3
786.9,519.9,3
484.8,480.0,3
813.08,803.2,3
488.01,481.0,3
813.51,803.21,3
323.41,323.0,3
787.04,789.0,3
495.8,500.1,3
288.1,288.0,3
288.02,288.11,3
512.84,506.0,3
861.00,1008.0,3
765.05,637.0,3
764.99,637.0,3
378.55,378.5,3
378.53,378.5,3
435.0,433.31,3
806.60,805.0,3
209.20,195.0,3
212.1,212.0,3
732.4,732.1,3
732.1,732.1,3
952.09,952.0,3
952.14,952.0,3
614.1,614.32,3
V10.69,204.0,3
614.5,614.0,3
614.9,614.33,3
652.61,652.0,3
651.01,651.0,3
616.89,614.5,3
203.10,204.0,3
957.0,907.0,3
617.5,615.0,3
957.9,957.0,3
958.0,958.0,3
097.9,90.0,3
958.99,958.0,3
649.14,649.0,3
618.4,618.2,3
V10.12,165.0,3
959.9,1009.0,3
620.0,628.0,3
620.9,619.1,3
115.90,117.1,3
712.26,274.21,3
121.1,134.0,3
712.38,274.21,3
728.6,728.71,3
V10.86,191.1,3
206.00,204.3,3
V10.9,195.1,3
928.20,1006.0,3
598.2,597.1,3
922.4,916.0,3
923.10,916.0,3
923.11,916.0,3
210.1,210.0,3
209.79,198.0,3
V15.01,930.0,3
924.21,916.0,3
601.8,601.1,3
209.73,198.6,3
602.8,602.0,3
054.72,320.0,3
736.6,736.5,3
057.9,79.0,3
611.79,613.7,3
932,1001.0,3
209.61,209.0,3
V13.69,759.0,3
938,1001.0,3
661.11,661.0,3
942.14,1000.0,3
659.63,654.0,3
079.0,79.0,3
656.51,655.0,3
733.3,733.0,3
655.83,655.0,3
951.3,907.0,3
709.00,694.2,3
728.3,728.0,3
622.11,180.3,3
714.1,714.1,3
642.24,642.0,3
188.3,189.21,3
188.1,189.21,3
634.11,634.0,3
634.91,634.0,3
639.1,639.0,3
184.0,184.2,3
645.11,645.0,3
717.6,835.0,3
997.71,856.0,3
641.21,635.2,3
641.31,635.2,3
157.3,157.0,3
176.9,230.0,3
718.44,739.0,3
991.2,1014.0,3
642.31,642.0,3
642.33,642.0,3
176.4,230.0,3
642.41,642.1,3
718.47,739.0,3
996.93,851.0,3
173.9,172.2,3
161.2,149.4,3
163.0,165.0,3
172.8,172.11,3
172.7,172.11,3
719.05,741.4,3
164.9,164.0,3
991.3,1014.0,3
188.4,189.21,3
136.1,711.3,3
999.1,958.0,3
727.89,727.0,3
727.81,727.7,3
727.43,727.4,3
727.42,727.4,3
V02.3,1010.0,3
648.41,306.1,3
V01.89,1010.0,3
624.8,619.5,3
200.02,202.22,3
971.2,971.0,3
715.37,740.1,3
999.5,941.0,3
648.01,649.1,3
974.7,974.0,3
147.1,149.2,3
647.61,647.0,3
191.6,191.11,3
646.83,646.0,3
716.15,836.0,3
983.9,983.0,3
985.8,985.0,3
627.0,627.4,3
145.0,145.0,3
987.8,987.0,3
628.9,626.8,3
988.1,988.0,3
989.4,989.0,3
989.9,989.0,3
922.0,916.0,3
171.2,170.2,3
575.9,575.7,3
748.1,749.0,3
696.2,696.2,3
695.10,695.1,3
744.41,749.0,3
039.8,41.0,3
698.1,698.0,3
909.4,1012.0,3
746.84,747.1,3
686.09,686.5,3
564.0,563.0,3
581.2,580.11,3
569.71,569.2,3
901.82,1007.0,3
047.8,320.0,3
750.19,750.13,3
564.01,563.0,3
049.8,323.0,3
908.6,1012.0,3
035,686.0,3
V54.15,800.0,3
908.0,1008.0,3
904.51,1007.0,3
013.00,10.0,3
583.2,580.11,3
745.60,747.11,3
904.0,1007.0,3
569.44,565.0,3
592.9,594.0,3
900.01,1007.0,3
593.70,586.12,3
901.3,1007.0,3
674.34,674.0,3
906.8,1000.0,3
216.3,216.0,3
575.2,575.7,3
903.9,1007.0,3
237.1,199.0,3
750.26,750.13,3
V31.1,651.0,3
666.02,635.3,3
747.63,747.2,3
576.3,575.8,3
902.42,1007.0,3
743.49,753.0,3
053.13,53.1,3
674.03,671.0,3
909.9,1012.0,3
214.2,214.0,3
693.1,930.0,3
680.6,686.1,3
552.9,550.0,3
914.2,911.0,3
576.9,575.8,3
752.49,751.11,3
V54.27,743.21,3
556.1,555.21,3
669.34,669.0,3
597.89,592.2,3
238.0,199.0,3
004.1,8.5,3
230.1,150.0,3
052.0,323.0,3
881.12,871.0,3
140.9,145.1,2
145.3,145.0,2
011.94,10.0,2
801.80,819.0,2
145.2,145.0,2
814.06,804.0,2
813.31,803.2,2
V56.1,585.31,2
V01.6,1010.0,2
V56.8,585.31,2
320.0,320.0,2
814.05,804.0,2
141.4,145.2,2
814.02,804.0,2
323.6,323.0,2
360.03,371.0,2
360.19,369.0,2
V58.0,196.0,2
144.9,145.5,2
813.93,803.2,2
013.25,10.0,2
360.43,360.0,2
361.07,361.1,2
813.53,803.2,2
998.9,1011.0,2
144.8,145.5,2
V84.01,175.0,2
053.71,53.0,2
814.11,804.0,2
997.72,856.0,2
820.19,800.1,2
157.4,157.0,2
362.32,362.4,2
362.33,362.4,2
820.32,800.2,2
159.8,159.0,2
159.9,159.0,2
362.51,362.21,2
160.2,149.9,2
003.8,8.5,2
307.52,305.2,2
996.87,851.0,2
801.14,819.0,2
161.3,149.4,2
801.13,819.0,2
821.22,800.2,2
163.8,165.0,2
164.1,164.0,2
362.75,362.7,2
362.83,362.9,2
821.32,800.2,2
152.9,159.2,2
820.01,800.1,2
801.62,819.0,2
819.0,803.3,2
146.8,149.1,2
814.19,804.0,2
801.61,819.0,2
801.60,819.0,2
148.8,149.3,2
801.52,819.0,2
801.50,819.0,2
801.41,819.0,2
150.0,150.0,2
010.85,10.0,2
313.81,312.0,2
815.12,804.0,2
361.2,361.0,2
815.13,804.0,2
008.62,8.6,2
151.3,151.0,2
151.6,151.0,2
310.8,291.4,2
152.1,159.2,2
005.81,8.5,2
801.23,819.0,2
151.1,151.0,2
125.1,134.0,2
802.34,819.0,2
V11.8,306.0,2
342.12,342.0,2
806.39,805.0,2
070.33,70.2,2
806.8,805.0,2
070.59,70.0,2
339.89,339.0,2
077.8,369.2,2
077.99,369.2,2
078.89,79.0,2
079.3,79.0,2
807.3,809.0,2
324.9,324.0,2
040.89,41.0,2
804.00,819.0,2
337.21,355.0,2
807.6,809.0,2
079.4,78.0,2
996.70,859.0,2
337.0,337.1,2
082.49,136.0,2
803.60,819.0,2
335.10,334.2,2
V13.64,749.0,2
804.36,819.0,2
804.70,819.0,2
804.76,819.0,2
805.5,805.0,2
054.12,54.0,2
346.70,340.0,2
349.39,349.0,2
054.13,54.0,2
053.20,369.2,2
806.02,805.0,2
344.41,344.0,2
350.9,352.1,2
352.2,352.0,2
053.12,53.1,2
053.11,53.1,2
054.5,38.0,2
344.02,344.0,2
804.85,819.0,2
806.16,805.0,2
343.8,343.0,2
V18.51,1100.0,2
343.4,343.0,2
V14.3,961.0,2
V27.1,634.0,2
032.9,41.0,2
084.4,133.0,2
V10.71,202.2,2
110.9,110.1,2
112.85,112.0,2
812.43,803.1,2
V09.50,41.9,2
120.8,134.0,2
359.0,359.1,2
122.8,134.1,2
812.49,803.1,2
018.03,10.0,2
812.51,803.1,2
812.54,803.1,2
347.10,347.0,2
V04.89,1010.0,2
327.25,327.31,2
813.07,803.2,2
132.0,132.1,2
015.04,10.0,2
813.13,803.2,2
359.3,359.1,2
137.3,10.0,2
359.5,359.2,2
139.0,323.0,2
112.83,320.0,2
812.30,803.1,2
334.8,334.1,2
812.19,803.1,2
334.4,334.1,2
803.32,819.0,2
032.85,686.0,2
V10.59,189.4,2
093.1,90.0,2
333.81,333.4,2
355.5,351.0,2
096,90.0,2
355.6,351.0,2
811.10,803.3,2
031.8,31.0,2
355.79,355.0,2
803.16,819.0,2
356.2,356.0,2
333.5,333.3,2
098.0,90.2,2
099.3,711.2,2
803.11,819.0,2
031.1,686.0,2
110.0,110.1,2
812.10,803.1,2
238.77,851.0,2
832.09,830.0,2
306.8,303.3,2
923.9,916.0,2
863.93,1008.0,2
211.9,211.0,2
863.94,1008.0,2
212.5,212.0,2
213.0,213.0,2
919.8,915.0,2
864.11,1008.0,2
213.7,213.0,2
275.02,275.1,2
917.1,910.0,2
917.0,915.0,2
916.5,912.0,2
916.1,910.0,2
272.5,277.51,2
865.11,1008.0,2
214.4,214.0,2
913.2,911.0,2
271.8,271.9,2
911.2,911.0,2
910.8,915.0,2
215.4,215.0,2
866.10,1008.0,2
866.11,1008.0,2
866.13,1008.0,2
267,261.3,2
909.5,979.0,2
215.6,215.0,2
210.2,210.0,2
863.54,1008.0,2
947.2,1000.0,2
209.75,195.0,2
946.2,1000.0,2
287.33,287.31,2
287.32,287.31,2
287.2,287.0,2
945.36,1000.0,2
284.2,285.0,2
945.34,1000.0,2
284.0,284.2,2
945.32,1000.0,2
945.22,1000.0,2
861.03,1008.0,2
861.12,1008.0,2
944.23,1000.0,2
942.24,1000.0,2
941.27,1000.0,2
282.9,282.9,2
209.43,209.0,2
282.7,282.8,2
862.32,1008.0,2
862.9,1008.0,2
928.10,1006.0,2
928.00,1006.0,2
863.31,1008.0,2
279.3,279.1,2
925.2,1006.0,2
863.44,1008.0,2
924.3,916.0,2
909.0,979.0,2
266.9,261.2,2
908.3,1007.0,2
908.2,1008.0,2
249.90,249.0,2
233.1,180.3,2
233.3,184.2,2
900.9,1007.0,2
874.2,870.6,2
249.80,249.0,2
233.4,185.0,2
900.81,1007.0,2
874.5,870.6,2
900.02,1007.0,2
897.2,872.0,2
897.0,872.0,2
876.1,870.0,2
894.0,871.0,2
235.6,199.0,2
892.2,871.3,2
236.2,184.0,2
237.72,199.4,2
237.73,199.4,2
237.9,199.0,2
238.72,200.0,2
880.12,871.0,2
242.10,242.0,2
238.73,200.0,2
880.20,871.0,2
880.23,871.0,2
238.74,200.0,2
901.41,1007.0,2
901.81,1007.0,2
901.9,1007.0,2
871.6,1001.0,2
907.4,907.0,2
259.8,259.0,2
906.7,1000.0,2
258.1,259.0,2
216.6,216.0,2
905.5,809.0,2
216.9,216.0,2
905.2,803.0,2
217,610.4,2
870.4,1001.0,2
904.42,1007.0,2
871.2,870.1,2
229.8,229.0,2
250.91,250.1,2
230.0,145.0,2
230.9,159.0,2
254.0,254.0,2
902.33,1007.0,2
873.30,870.4,2
253.9,253.0,2
902.26,1007.0,2
252.8,252.0,2
902.25,1007.0,2
873.51,870.3,2
902.20,1007.0,2
873.54,870.3,2
947.1,1000.0,2
208.91,204.0,2
171.8,170.2,2
995.2,979.0,2
994.8,1015.0,2
828.0,809.0,2
188.0,189.21,2
300.16,303.0,2
831.09,830.0,2
188.5,189.21,2
989.5,913.0,2
239.4,189.2,2
834.00,830.0,2
987.9,987.0,2
836.2,830.0,2
836.4,830.0,2
986,986.0,2
836.51,830.0,2
837.0,830.0,2
983.2,983.0,2
838.09,830.0,2
983.1,983.0,2
839.00,830.0,2
189.3,189.4,2
297.8,295.2,2
976.6,976.0,2
975.5,975.0,2
296.54,296.1,2
974.4,974.0,2
839.61,830.0,2
839.69,830.0,2
186.9,187.2,2
825.24,801.0,2
853.09,818.0,2
301.50,301.0,2
172.0,172.11,2
305.73,316.0,2
305.71,316.0,2
305.30,316.0,2
173.1,172.2,2
996.54,859.0,2
996.40,858.0,2
173.6,172.2,2
173.8,172.2,2
174.3,174.11,2
175.9,174.2,2
176.1,230.0,2
176.3,230.0,2
304.80,316.0,2
304.43,316.0,2
304.40,316.0,2
176.8,230.0,2
179,182.0,2
995.89,1015.0,2
180.0,180.1,2
995.80,1015.0,2
824.7,801.1,2
995.7,930.0,2
995.67,930.0,2
995.64,930.0,2
995.63,930.0,2
302.85,302.0,2
194.1,194.0,2
972.2,972.2,2
195.3,195.1,2
969.79,969.0,2
851.45,816.0,2
959.8,1009.0,2
959.2,1009.0,2
293.84,300.1,2
959.11,1009.0,2
851.96,816.0,2
202.13,202.2,2
202.18,202.2,2
202.85,202.2,2
202.87,202.2,2
956.9,907.0,2
956.2,907.0,2
852.09,818.2,2
956.1,907.0,2
955.9,907.0,2
203.12,204.0,2
954.0,907.0,2
290.42,290.16,2
953.1,907.0,2
953.0,907.0,2
205.12,204.22,2
852.39,818.1,2
205.30,204.2,2
952.06,952.0,2
289.1,289.4,2
288.63,288.2,2
951.5,907.0,2
295.40,295.1,2
960.0,960.2,2
960.4,960.1,2
966.4,966.0,2
200.08,202.22,2
841.8,840.0,2
843.8,840.0,2
200.21,202.2,2
843.9,840.0,2
844.0,840.3,2
296.22,296.22,2
969.03,969.0,2
845.09,840.0,2
846.1,841.0,2
967.1,967.0,2
847.9,841.0,2
848.8,842.0,2
851.35,816.0,2
850.1,817.0,2
201.52,201.0,2
850.2,817.0,2
201.91,201.0,2
201.92,201.0,2
202.01,202.21,2
963.1,963.1,2
295.64,295.1,2
202.03,202.21,2
962.7,962.3,2
960.5,960.1,2
851.25,816.0,2
801.05,819.0,2
681.02,681.1,2
747.82,747.0,2
741.03,752.11,2
753.6,751.2,2
754.2,737.0,2
754.31,755.61,2
754.60,755.1,2
754.61,755.1,2
538,537.0,2
755.00,755.3,2
536.9,564.0,2
536.40,536.7,2
755.11,755.3,2
755.21,755.4,2
755.26,755.4,2
755.39,755.6,2
755.69,755.6,2
534.41,531.1,2
534.10,531.5,2
756.71,756.1,2
532.51,531.3,2
756.9,756.0,2
532.01,531.1,2
531.91,531.2,2
531.60,531.1,2
529.6,529.6,2
759.83,758.0,2
527.8,527.8,2
527.3,528.3,2
525.63,525.0,2
753.14,751.21,2
551.3,550.2,2
753.11,751.21,2
580.81,580.13,2
743.20,753.0,2
743.30,753.1,2
743.61,749.0,2
743.62,749.0,2
743.63,749.0,2
744.23,749.0,2
593.73,586.12,2
744.42,749.0,2
744.89,749.0,2
744.9,749.0,2
590.11,590.0,2
581.89,580.2,2
580.4,580.11,2
752.9,751.1,2
580.0,580.11,2
747.22,747.12,2
747.62,747.2,2
748.2,748.0,2
567.0,567.0,2
748.8,748.0,2
749.10,749.1,2
749.22,749.1,2
749.24,749.1,2
560.31,560.4,2
553.00,550.3,2
752.89,751.1,2
762.0,658.0,2
525.40,525.1,2
763.4,658.0,2
782.62,782.6,2
438.52,433.8,2
777.3,656.6,2
435.1,433.31,2
433.91,433.11,2
429.2,414.2,2
779.9,656.0,2
417.0,415.0,2
410.32,411.2,2
410.00,411.2,2
397.1,394.0,2
393,420.22,2
391.0,420.21,2
389.18,389.1,2
776.3,656.5,2
388.72,382.0,2
784.43,473.4,2
388.5,389.5,2
388.42,389.5,2
784.91,475.9,2
386.10,386.2,2
384.20,384.4,2
383.1,381.3,2
381.00,381.1,2
380.23,380.1,2
379.93,379.9,2
379.8,379.0,2
438.81,433.8,2
445.89,444.5,2
523.42,523.31,2
478.0,470.0,2
523.33,523.31,2
523.31,523.31,2
523.30,523.31,2
764.16,637.0,2
518.6,117.4,2
765.00,637.0,2
516.9,504.0,2
516.33,504.1,2
512.83,506.0,2
493.82,495.0,2
478.9,479.0,2
478.70,473.0,2
768.7,661.0,2
447.72,447.7,2
474.8,474.2,2
474.12,474.2,2
461.2,464.0,2
461.1,464.0,2
460,465.0,2
770.87,656.2,2
770.88,661.0,2
770.9,656.2,2
454.8,454.11,2
453.79,452.0,2
451.2,451.2,2
447.73,447.7,2
596.55,596.5,2
738.8,738.0,2
379.22,379.2,2
599.3,597.0,2
649.13,649.0,2
712.22,274.21,2
712.35,274.21,2
712.39,274.21,2
648.42,306.1,2
715.16,740.11,2
648.31,316.0,2
648.11,649.0,2
715.93,740.9,2
647.82,647.0,2
716.50,716.1,2
716.93,716.9,2
646.53,647.0,2
646.23,646.0,2
646.21,646.0,2
718.42,739.0,2
718.43,739.0,2
644.03,636.1,2
718.55,741.1,2
718.65,742.0,2
719.09,741.4,2
719.12,741.5,2
719.13,741.5,2
642.64,642.1,2
719.58,741.2,2
719.66,741.0,2
719.96,741.0,2
649.31,286.3,2
649.43,649.0,2
654.23,654.1,2
672.02,654.0,2
680.5,686.1,2
686.8,686.0,2
677,669.0,2
674.82,674.0,2
674.51,674.0,2
692.89,939.0,2
695.0,695.1,2
695.13,695.1,2
695.14,695.1,2
695.15,695.1,2
673.24,671.0,2
695.50,695.0,2
670.14,647.3,2
654.41,619.2,2
670.12,647.3,2
670.02,647.3,2
701.4,701.4,2
669.41,669.0,2
669.14,669.0,2
669.11,669.0,2
704.09,704.1,2
665.31,665.0,2
664.11,665.0,2
658.01,653.0,2
656.41,634.0,2
654.51,636.8,2
642.03,642.0,2
642.01,642.0,2
721.91,721.2,2
607.3,604.0,2
730.20,710.19,2
730.23,710.19,2
616.2,614.53,2
614.2,614.3,2
611.9,613.9,2
611.89,613.8,2
733.02,743.13,2
733.12,743.2,2
611.71,613.5,2
610.1,610.1,2
608.20,603.0,2
733.29,733.2,2
735.0,735.3,2
730.13,710.12,2
736.09,736.1,2
736.29,736.2,2
736.71,735.0,2
602.1,602.0,2
737.11,737.1,2
737.22,737.2,2
737.29,737.2,2
600.2,600.0,2
737.32,737.3,2
600.11,600.0,2
600.10,600.0,2
738.0,738.0,2
616.50,614.54,2
730.09,710.11,2
641.11,635.2,2
726.90,726.1,2
639.8,639.0,2
639.0,639.0,2
634.01,634.0,2
629.89,619.0,2
627.8,627.0,2
627.4,627.21,2
626.9,626.0,2
626.6,626.14,2
626.4,626.13,2
726.12,726.2,2
726.69,726.1,2
726.71,726.3,2
624.9,619.5,2
729.90,729.0,2
727.40,727.4,2
727.41,727.4,2
727.62,727.6,2
727.82,727.0,2
728.4,728.2,2
621.8,619.2,2
621.4,626.0,2
621.30,621.0,2
621.3,621.0,2
729.30,729.3,2
619.8,617.0,2
618.3,618.2,2
379.40,379.4,2
003.0,8.5,2
788.32,599.4,2
794.01,346.2,2
800.24,819.0,2
375.30,369.0,2
368.00,368.1,2
366.41,366.0,2
790.1,790.1,2
378.71,378.0,2
376.52,376.0,2
370.9,370.0,2
789.34,579.0,2
370.8,370.0,2
365.11,365.11,2
374.10,374.1,2
800.15,819.0,2
377.51,377.0,2
364.00,371.1,2
799.59,292.0,2
369.10,367.9,2
378.42,378.1,2
789.31,579.0,2
363.62,363.0,2
369.01,367.9,2
800.75,819.0,2
800.70,819.0,2
800.06,819.0,2
375.56,375.0,2
374.20,374.2,2
365.20,365.2,2
788.34,599.4,2
373.11,371.3,2
789.60,785.0,2
374.43,374.0,2
791.6,250.5,2
799.23,1004.0,2
365.73,365.0,2
368.44,368.4,2
379.09,379.1,2
800.23,819.0,2
799.29,1004.0,2
800.16,819.0,2
799.53,292.0,2
796.9,1010.0,2
365.89,365.0,2
366.16,366.2,2
189.8,189.4,1
972.5,972.0,1
726.73,726.4,1
976.2,976.0,1
976.0,976.0,1
976.7,976.0,1
726.72,726.1,1
973.3,973.0,1
194.3,194.0,1
973.5,973.0,1
726.32,726.0,1
365.44,365.0,1
975.3,975.0,1
190.5,190.0,1
357.8,357.0,1
977.3,969.0,1
625.70,625.0,1
726.65,726.3,1
190.6,190.0,1
192.0,191.1,1
726.19,726.0,1
726.64,726.1,1
625.4,626.4,1
726.79,726.1,1
194.5,194.0,1
357.1,357.0,1
969.01,969.0,1
200.24,202.2,1
727.63,727.6,1
200.33,202.2,1
968.3,967.0,1
200.37,202.2,1
798.1,1003.0,1
200.42,202.2,1
727.9,727.0,1
200.47,202.2,1
623.2,619.4,1
200.48,202.2,1
200.60,202.24,1
200.71,202.24,1
965.69,965.2,1
200.78,202.24,1
624.02,620.0,1
200.22,202.2,1
365.52,365.5,1
200.01,202.22,1
195.1,164.0,1
195.2,195.1,1
803.00,819.0,1
625.5,625.0,1
971.0,971.0,1
626.1,626.11,1
625.1,625.1,1
799.01,1013.0,1
200.18,202.23,1
727.06,727.1,1
200.03,202.22,1
969.71,969.0,1
200.05,202.22,1
727.1,735.3,1
803.06,819.0,1
200.11,202.23,1
365.23,365.2,1
323.62,323.0,1
358.8,358.0,1
719.86,741.0,1
173.42,172.22,1
360.12,371.1,1
173.72,172.22,1
642.52,642.1,1
719.70,741.3,1
719.85,741.0,1
174.5,174.11,1
719.90,741.0,1
799.2,1004.0,1
800.02,819.0,1
642.43,642.1,1
642.34,642.0,1
176.5,230.0,1
642.14,642.0,1
642.04,642.0,1
360.02,371.0,1
173.41,172.21,1
173.32,172.22,1
173.31,172.21,1
719.54,741.2,1
719.17,741.5,1
719.18,741.5,1
719.26,741.6,1
719.30,716.8,1
642.92,642.0,1
642.74,642.1,1
719.44,745.0,1
173.0,172.2,1
642.71,642.1,1
800.09,819.0,1
642.63,642.1,1
642.61,642.1,1
996.51,859.0,1
173.22,172.22,1
719.50,741.2,1
995.86,783.0,1
995.85,1015.0,1
641.33,635.2,1
634.21,634.0,1
634.12,634.0,1
799.55,292.0,1
633.91,634.3,1
633.81,634.3,1
633.80,634.3,1
723.6,723.0,1
723.7,723.0,1
633.20,634.3,1
633.11,634.3,1
633.10,634.3,1
989.3,989.0,1
989.0,989.0,1
724.09,720.0,1
724.6,724.1,1
985.1,985.0,1
994.2,1015.0,1
634.51,634.0,1
995.82,1015.0,1
994.9,1015.0,1
365.12,365.1,1
802.30,819.0,1
641.03,635.2,1
995.69,930.0,1
722.30,722.3,1
995.65,930.0,1
641.01,635.2,1
802.32,819.0,1
995.62,930.0,1
183.2,184.1,1
183.8,184.1,1
639.6,639.0,1
639.2,639.0,1
722.70,722.7,1
184.8,184.1,1
201.48,201.0,1
961.9,961.0,1
728.79,728.0,1
944.20,1000.0,1
943.35,1000.0,1
943.32,1000.0,1
943.25,1000.0,1
943.23,1000.0,1
943.21,1000.0,1
943.20,1000.0,1
942.34,1000.0,1
942.32,1000.0,1
607.81,604.1,1
804.23,819.0,1
942.09,1000.0,1
607.1,601.4,1
942.03,1000.0,1
941.28,1000.0,1
733.93,743.4,1
941.26,1000.0,1
941.08,1000.0,1
944.01,1000.0,1
944.21,1000.0,1
728.82,701.5,1
733.5,733.0,1
209.03,159.2,1
209.17,153.3,1
948.50,1000.0,1
948.40,1000.0,1
795.09,792.0,1
947.3,1000.0,1
795.00,792.0,1
733.20,733.2,1
733.40,733.4,1
608.0,601.8,1
733.45,733.4,1
945.24,1000.0,1
607.85,604.3,1
945.19,1000.0,1
945.04,1000.0,1
944.26,1000.0,1
944.25,1000.0,1
941.00,1000.0,1
939.3,1001.0,1
733.96,743.4,1
352.9,352.0,1
804.30,819.0,1
927.8,1006.0,1
736.30,736.3,1
927.21,1006.0,1
209.63,209.0,1
736.70,735.0,1
927.01,1006.0,1
209.69,209.0,1
926.12,1006.0,1
926.0,1006.0,1
804.32,819.0,1
925.1,1006.0,1
209.71,198.1,1
794.7,277.0,1
924.5,916.0,1
794.6,259.1,1
600.9,600.0,1
928.01,1006.0,1
736.20,736.2,1
928.11,1006.0,1
735.9,735.2,1
603.1,603.1,1
937,1001.0,1
735.5,735.22,1
209.25,159.0,1
735.8,735.2,1
209.30,195.0,1
209.36,172.2,1
209.51,208.0,1
368.01,368.1,1
209.57,208.0,1
736.00,736.1,1
736.05,736.1,1
930.9,1001.0,1
930.8,1001.0,1
930.1,1001.0,1
928.21,1006.0,1
611.6,612.1,1
804.16,819.0,1
804.12,819.0,1
617.8,615.0,1
618.82,618.0,1
959.19,1009.0,1
959.14,1009.0,1
618.8,618.0,1
202.11,202.2,1
202.12,202.2,1
618.2,618.2,1
618.04,618.1,1
618.02,618.1,1
202.20,202.2,1
202.43,204.0,1
202.52,202.0,1
795.89,795.8,1
729.91,729.0,1
618.00,618.1,1
729.99,729.0,1
730.02,710.11,1
959.3,1009.0,1
959.4,1009.0,1
959.5,1009.0,1
642.93,642.0,1
728.83,728.0,1
622.1,180.3,1
796.71,153.3,1
963.5,963.0,1
355.71,355.0,1
803.24,819.0,1
202.05,202.21,1
961.8,960.0,1
959.6,1009.0,1
961.7,961.0,1
961.4,961.0,1
961.0,961.1,1
621.2,623.0,1
620.3,624.2,1
619.2,617.0,1
202.06,202.21,1
003.1,38.1,1
957.8,907.0,1
804.10,819.0,1
202.90,202.2,1
795.52,1010.0,1
952.4,952.0,1
952.3,952.0,1
952.19,952.0,1
952.15,952.0,1
803.76,819.0,1
732.0,732.1,1
732.3,732.1,1
952.07,952.0,1
732.5,732.1,1
205.90,204.2,1
795.10,792.0,1
207.22,204.0,1
952.02,952.0,1
733.01,743.12,1
951.8,907.0,1
951.7,907.0,1
730.97,710.0,1
730.89,710.0,1
730.29,710.19,1
730.19,710.12,1
803.41,819.0,1
617.2,615.0,1
803.50,819.0,1
616.9,614.5,1
616.8,614.5,1
366.46,366.0,1
955.8,907.0,1
803.62,819.0,1
204.90,204.1,1
955.5,907.0,1
203.82,204.4,1
803.66,819.0,1
204.80,204.1,1
803.72,819.0,1
953.9,907.0,1
953.5,907.0,1
171.7,170.2,1
719.04,741.4,1
360.40,360.0,1
362.13,362.4,1
362.07,250.7,1
801.29,819.0,1
668.22,668.0,1
V23.9,638.0,1
V23.0,638.0,1
668.11,668.0,1
666.22,635.3,1
704.01,704.11,1
800.35,819.0,1
V15.53,1001.0,1
666.14,635.3,1
053.14,53.1,1
704.2,704.8,1
666.04,635.3,1
705.21,705.8,1
665.82,665.0,1
054.0,54.0,1
669.21,669.0,1
V32.00,634.0,1
V44.51,599.0,1
362.17,362.4,1
698.2,695.7,1
V43.5,599.0,1
800.60,819.0,1
698.4,695.8,1
045.90,324.0,1
800.50,819.0,1
046.71,324.0,1
047.0,320.0,1
800.46,819.0,1
669.44,669.0,1
669.42,669.0,1
701.3,701.0,1
049.0,320.0,1
V40.3,306.0,1
V40.0,315.1,1
049.1,320.0,1
V33.1,651.0,1
665.74,665.0,1
V15.06,949.0,1
665.61,665.0,1
054.40,369.2,1
070.0,70.1,1
661.31,661.0,1
660.21,652.0,1
070.49,70.0,1
070.52,70.0,1
070.53,70.0,1
660.01,652.0,1
070.9,70.0,1
V12.50,459.9,1
659.53,654.0,1
659.21,655.0,1
V12.3,289.3,1
V12.2,277.0,1
078.0,79.0,1
658.21,653.0,1
800.34,819.0,1
657.01,653.0,1
066.42,79.0,1
066.41,79.0,1
062.2,323.0,1
362.05,250.7,1
054.43,369.2,1
706.9,706.0,1
665.54,665.0,1
054.71,54.0,1
665.41,665.0,1
665.34,665.0,1
057.8,79.0,1
058.21,323.0,1
058.89,54.0,1
665.24,619.2,1
058.29,323.0,1
665.11,635.0,1
V13.52,743.4,1
058.81,54.0,1
V13.5,781.0,1
362.04,250.7,1
697.9,695.7,1
671.53,671.0,1
656.61,655.0,1
011.23,10.0,1
011.36,10.0,1
692.0,939.0,1
011.64,10.0,1
V71.6,1015.0,1
011.86,10.0,1
V67.2,197.0,1
V67.1,196.0,1
V62.85,306.0,1
011.93,10.0,1
674.14,674.0,1
012.05,10.0,1
012.15,10.0,1
692.79,938.0,1
013.04,10.0,1
800.80,819.0,1
013.30,10.0,1
013.54,10.0,1
800.81,819.0,1
690.18,690.1,1
039.2,41.0,1
690.12,690.1,1
680.9,686.1,1
003.9,8.5,1
685.0,686.3,1
004.8,8.5,1
004.9,8.5,1
005.1,8.5,1
800.85,819.0,1
005.9,8.0,1
007.1,8.7,1
008.04,8.51,1
008.41,8.5,1
008.43,8.5,1
008.47,8.5,1
800.82,819.0,1
008.61,8.6,1
362.84,362.8,1
801.09,819.0,1
674.12,674.0,1
693.8,939.0,1
V56.2,585.31,1
694.0,695.21,1
673.33,647.3,1
800.65,819.0,1
V46.14,509.8,1
027.9,41.0,1
030.9,31.1,1
801.19,819.0,1
695.51,695.0,1
695.81,695.8,1
673.11,671.0,1
032.89,41.0,1
672.04,654.0,1
033.8,41.0,1
362.41,362.31,1
671.54,671.0,1
696.3,696.3,1
036.41,420.2,1
696.5,696.3,1
023.9,41.0,1
V51.0,175.0,1
021.8,41.0,1
V54.22,743.2,1
014.02,10.0,1
014.05,10.0,1
014.85,10.0,1
674.02,671.0,1
362.53,362.23,1
V54.26,743.2,1
V54.23,743.22,1
015.05,10.0,1
018.96,10.0,1
674.01,671.0,1
018.05,10.0,1
695.12,695.1,1
018.80,10.0,1
018.90,10.0,1
V54.10,803.0,1
018.95,10.0,1
656.71,655.0,1
800.32,819.0,1
365.00,365.0,1
647.93,647.0,1
364.70,379.5,1
801.70,819.0,1
646.82,646.0,1
716.16,836.0,1
716.66,716.2,1
145.5,145.0,1
145.8,145.0,1
646.81,646.0,1
146.1,149.1,1
146.3,149.1,1
146.4,149.1,1
146.7,149.1,1
716.87,716.9,1
146.9,149.1,1
646.73,646.0,1
646.71,646.0,1
148.9,149.3,1
715.92,740.9,1
143.9,145.4,1
V02.52,1010.0,1
143.1,145.4,1
715.04,740.2,1
V02.0,1010.0,1
715.15,740.11,1
140.0,145.1,1
140.1,145.1,1
364.03,369.0,1
715.30,740.1,1
648.33,316.0,1
715.33,740.1,1
999.84,942.0,1
364.41,379.5,1
142.9,145.3,1
999.71,942.0,1
999.6,942.0,1
801.64,819.0,1
999.4,941.0,1
143.0,145.4,1
149.8,149.0,1
646.61,647.1,1
801.74,819.0,1
151.5,151.0,1
361.01,361.1,1
160.9,149.9,1
718.84,742.9,1
718.91,742.9,1
996.83,429.1,1
718.95,742.9,1
718.97,742.9,1
996.80,851.0,1
643.13,643.1,1
643.03,643.1,1
209.74,198.3,1
642.94,642.0,1
164.3,164.0,1
361.00,361.1,1
719.11,741.5,1
170.2,170.1,1
170.3,170.1,1
718.56,741.1,1
160.8,149.9,1
361.05,361.1,1
718.36,742.2,1
800.13,819.0,1
361.06,361.1,1
717.84,835.0,1
718.15,742.1,1
718.21,742.2,1
718.28,742.2,1
718.35,742.2,1
154.2,153.3,1
997.00,1011.0,1
718.40,739.0,1
364.9,379.5,1
800.11,819.0,1
718.45,739.0,1
801.96,819.0,1
718.48,739.0,1
160.3,149.9,1
V02.4,1010.0,1
714.32,714.2,1
V11.1,296.0,1
090.2,90.0,1
091.2,90.0,1
091.52,90.0,1
091.81,90.0,1
V10.50,189.4,1
091.9,90.0,1
710.5,712.0,1
649.44,649.0,1
097.0,90.0,1
801.44,819.0,1
649.34,286.3,1
649.33,286.3,1
711.04,711.1,1
801.45,819.0,1
V10.22,149.9,1
801.46,819.0,1
V10.20,165.0,1
711.08,711.1,1
652.51,652.0,1
088.0,133.0,1
648.52,649.0,1
654.04,619.2,1
V11.0,295.1,1
079.53,71.0,1
656.13,654.2,1
655.71,655.0,1
079.83,79.0,1
079.98,79.0,1
801.40,819.0,1
654.44,619.2,1
363.72,363.0,1
083.9,136.0,1
709.4,701.5,1
801.42,819.0,1
084.6,133.0,1
084.9,133.0,1
085.9,133.0,1
654.14,654.1,1
654.11,654.1,1
110.6,110.1,1
649.04,318.0,1
711.20,711.3,1
111.8,110.2,1
V06.2,1010.0,1
127.0,134.1,1
127.3,134.1,1
712.96,274.2,1
648.83,649.1,1
130.8,131.0,1
713.2,713.0,1
V04.5,1010.0,1
131.01,131.0,1
V03.89,1010.0,1
131.02,131.0,1
131.09,131.0,1
V03.7,1010.0,1
713.8,713.0,1
132.9,132.1,1
134.8,132.0,1
648.62,649.0,1
712.37,274.21,1
V06.5,1010.0,1
648.84,649.1,1
V09.90,41.9,1
711.55,711.0,1
711.80,711.0,1
711.91,711.0,1
114.0,480.3,1
114.9,117.2,1
115.05,117.1,1
115.19,117.1,1
711.95,711.0,1
801.51,819.0,1
116.0,117.3,1
V09.71,41.9,1
711.98,711.0,1
V09.1,41.9,1
117.4,117.0,1
712.13,274.21,1
712.16,274.21,1
804.41,819.0,1
738.10,738.0,1
804.66,819.0,1
295.24,295.1,1
376.03,369.0,1
851.31,816.0,1
454.2,454.11,1
851.21,816.0,1
851.09,816.0,1
812.02,803.1,1
295.44,295.1,1
851.03,816.0,1
453.74,452.2,1
295.73,295.1,1
772.1,656.4,1
295.75,295.1,1
451.81,451.0,1
376.11,371.9,1
451.11,451.2,1
448.1,217.1,1
772.3,656.4,1
375.9,375.0,1
295.22,295.1,1
764.01,637.0,1
851.44,816.0,1
293.81,295.3,1
293.82,295.3,1
333.84,333.4,1
851.94,816.0,1
851.90,816.0,1
375.20,375.2,1
333.79,333.4,1
459.10,452.8,1
851.84,816.0,1
851.83,816.0,1
295.02,295.1,1
851.75,816.0,1
851.73,816.0,1
851.62,816.0,1
851.50,816.0,1
295.12,295.1,1
457.2,450.0,1
376.12,371.9,1
788.7,599.7,1
447.5,447.0,1
847.2,841.0,1
776.0,656.5,1
438.85,433.8,1
840.7,840.0,1
840.6,840.1,1
296.31,296.2,1
840.0,840.3,1
839.79,830.0,1
788.69,599.9,1
330.8,331.0,1
330.1,331.0,1
839.21,830.0,1
296.51,296.1,1
296.53,296.1,1
839.07,830.0,1
438.31,433.8,1
296.81,296.1,1
776.8,656.5,1
841.1,840.0,1
443.1,446.1,1
296.25,296.22,1
774.31,656.8,1
447.3,447.0,1
296.04,296.1,1
846.9,841.0,1
774.1,656.8,1
846.0,841.0,1
845.12,840.3,1
774.30,656.8,1
296.14,296.1,1
842.09,840.0,1
296.21,296.2,1
774.4,656.8,1
446.20,446.3,1
812.12,803.1,1
775.1,656.3,1
775.3,656.3,1
443.82,443.8,1
474.00,474.2,1
375.01,379.0,1
852.04,818.2,1
854.04,819.0,1
282.8,282.9,1
520.0,520.1,1
519.00,519.1,1
283.10,283.2,1
789.37,579.0,1
808.59,802.0,1
861.10,1008.0,1
516.4,504.0,1
861.02,1008.0,1
765.06,637.0,1
765.08,637.0,1
765.10,637.0,1
286.52,286.5,1
765.11,637.0,1
516.34,504.1,1
789.32,579.0,1
516.1,504.0,1
521.01,521.1,1
282.64,282.5,1
282.44,282.8,1
281.3,281.1,1
789.47,579.0,1
523.4,523.32,1
789.40,579.0,1
335.21,334.2,1
279.41,279.2,1
335.11,334.2,1
279.9,279.0,1
281.8,281.0,1
282.43,282.8,1
374.52,374.0,1
282.0,282.9,1
282.1,282.9,1
764.18,637.0,1
521.9,521.0,1
521.08,521.1,1
282.41,282.5,1
508.8,500.0,1
854.03,819.0,1
810.13,803.3,1
508.2,500.0,1
290.10,290.1,1
374.9,374.0,1
767.5,665.0,1
478.11,479.0,1
375.00,375.0,1
852.23,818.1,1
291.89,317.0,1
768.6,661.0,1
292.82,316.0,1
852.19,818.2,1
852.16,818.2,1
852.15,818.2,1
852.12,818.2,1
810.12,803.3,1
852.10,818.2,1
477.2,476.0,1
474.9,474.2,1
852.32,818.1,1
478.71,473.0,1
374.89,374.0,1
288.59,288.1,1
288.2,288.0,1
854.00,819.0,1
853.16,818.0,1
853.14,818.0,1
853.10,818.0,1
495.7,500.1,1
288.51,288.1,1
853.04,818.0,1
484.3,480.1,1
374.82,374.0,1
493.01,495.2,1
491.0,496.2,1
852.56,818.0,1
288.9,288.0,1
852.45,818.0,1
487.8,481.0,1
438.14,433.8,1
297.2,295.2,1
788.65,599.9,1
383.21,381.3,1
388.32,389.4,1
387.9,383.0,1
309.1,304.0,1
386.9,386.0,1
309.3,304.0,1
784.8,477.0,1
784.99,293.0,1
819.1,803.3,1
386.2,386.21,1
817.1,804.0,1
386.19,386.2,1
378.50,378.5,1
385.82,385.3,1
327.13,327.1,1
816.10,804.0,1
816.03,804.0,1
384.01,384.1,1
820.30,800.1,1
327.19,327.1,1
327.20,327.3,1
307.47,327.5,1
377.33,377.3,1
306.2,303.3,1
389.21,389.0,1
389.17,389.1,1
389.08,389.2,1
389.06,389.2,1
307.42,327.41,1
307.49,327.0,1
820.9,800.1,1
389.05,389.2,1
378.20,378.1,1
388.71,382.0,1
307.6,313.0,1
327.24,327.31,1
388.60,381.9,1
308.1,300.8,1
312.34,312.3,1
312.89,312.0,1
305.92,316.0,1
815.14,804.0,1
380.14,380.1,1
380.03,380.0,1
380.00,380.0,1
378.82,378.0,1
813.92,803.2,1
813.91,803.2,1
321.2,320.0,1
379.90,379.0,1
813.81,803.2,1
322.1,320.0,1
378.86,378.0,1
379.55,378.2,1
379.52,378.2,1
323.4,323.0,1
379.42,379.4,1
323.51,323.0,1
323.72,323.0,1
316,306.0,1
814.04,804.0,1
380.15,380.1,1
315.39,315.2,1
383.02,381.3,1
815.11,804.0,1
382.4,381.11,1
786.00,513.0,1
815.04,804.0,1
315.2,315.1,1
315.31,315.2,1
315.4,315.0,1
380.21,385.3,1
382.00,381.11,1
814.18,804.0,1
814.12,804.0,1
813.14,803.2,1
380.39,380.0,1
787.4,561.0,1
814.07,804.0,1
306.0,303.3,1
305.83,316.0,1
330.0,331.0,1
422.92,420.1,1
834.01,830.0,1
779.6,656.0,1
833.13,830.0,1
833.11,830.0,1
833.09,830.0,1
833.05,830.0,1
833.03,830.0,1
833.02,830.0,1
833.01,830.0,1
833.00,830.0,1
426.54,426.3,1
832.02,830.0,1
300.09,300.1,1
831.14,830.0,1
779.85,656.0,1
300.12,303.1,1
424.91,395.0,1
299.90,313.3,1
834.11,830.0,1
298.4,295.2,1
836.60,830.0,1
838.13,830.0,1
777.9,656.6,1
838.05,830.0,1
838.01,830.0,1
837.1,830.0,1
778.2,656.7,1
836.61,830.0,1
836.52,830.0,1
298.2,295.0,1
376.35,242.3,1
429.81,429.0,1
778.9,656.7,1
836.3,830.0,1
779.1,656.0,1
298.0,295.3,1
835.03,830.0,1
788.62,599.9,1
417.9,415.0,1
390,41.21,1
828.1,809.0,1
404.13,401.2,1
404.11,401.2,1
404.00,401.2,1
402.11,401.21,1
304.72,316.0,1
402.10,401.21,1
398.99,394.4,1
781.7,350.1,1
327.37,327.6,1
396.9,394.0,1
395.9,394.0,1
823.42,823.0,1
823.31,800.3,1
305.31,316.0,1
305.43,316.0,1
391.8,394.4,1
812.52,803.1,1
405.11,401.3,1
410.10,411.2,1
410.20,411.2,1
301.13,301.0,1
780.31,345.3,1
376.9,376.0,1
300.89,300.0,1
825.39,801.0,1
301.0,301.0,1
825.34,801.0,1
825.32,801.0,1
414.4,411.4,1
377.02,377.0,1
414.03,411.4,1
410.40,411.2,1
780.53,327.3,1
780.54,327.1,1
780.55,327.6,1
825.20,801.0,1
302.9,302.0,1
279.11,279.1,1
523.5,523.3,1
368.11,368.9,1
581.0,580.11,1
230.2,151.0,1
230.6,153.3,1
370.05,370.1,1
230.8,155.0,1
344.5,344.0,1
747.11,747.1,1
747.20,747.13,1
902.51,1007.0,1
344.42,344.0,1
231.2,165.1,1
902.34,1007.0,1
576.0,575.8,1
902.29,1007.0,1
747.32,747.13,1
370.24,370.2,1
232.5,172.3,1
232.6,172.3,1
345.2,345.1,1
903.4,1007.0,1
863.51,1008.0,1
793.3,575.9,1
746.00,747.12,1
589.0,586.11,1
219.1,218.2,1
904.8,1007.0,1
221.0,221.0,1
904.6,1007.0,1
221.8,221.0,1
584.7,585.1,1
904.50,1007.0,1
583.4,580.11,1
225.3,225.2,1
904.3,1007.0,1
228.00,228.0,1
583.0,580.11,1
582.4,580.11,1
746.82,747.1,1
582.0,580.11,1
232.9,172.3,1
569.87,569.0,1
902.10,1007.0,1
902.0,1007.0,1
896.1,872.0,1
896.0,872.0,1
371.43,364.4,1
749.25,749.1,1
564.4,569.2,1
235.8,199.0,1
236.0,184.2,1
750.10,750.13,1
750.16,750.13,1
750.29,750.13,1
890.2,871.0,1
750.5,750.5,1
750.8,750.1,1
887.5,872.0,1
887.3,872.0,1
371.82,364.0,1
887.1,872.0,1
749.23,749.1,1
806.10,805.0,1
897.3,872.0,1
901.2,1007.0,1
569.79,569.2,1
362.9,362.0,1
747.89,747.0,1
901.42,1007.0,1
344.31,344.0,1
901.40,1007.0,1
569.60,853.0,1
567.1,567.0,1
897.7,872.0,1
748.61,748.0,1
233.31,184.2,1
564.6,565.0,1
749.02,749.1,1
792.9,1010.0,1
749.12,749.1,1
749.21,749.1,1
745.9,747.11,1
590.01,590.0,1
346.91,340.0,1
743.53,753.2,1
212.2,212.0,1
741.01,752.11,1
598.00,592.3,1
794.00,346.2,1
919.6,915.0,1
919.1,910.0,1
213.2,213.0,1
918.9,915.0,1
595.81,592.12,1
742.8,752.2,1
917.3,911.0,1
214.0,214.1,1
594.9,594.2,1
350.2,352.1,1
743.22,753.0,1
916.4,912.0,1
368.59,368.5,1
598.1,597.1,1
212.0,212.0,1
740.2,752.1,1
923.09,916.0,1
804.73,819.0,1
737.33,737.3,1
923.8,916.0,1
923.3,916.0,1
923.21,916.0,1
804.75,819.0,1
368.12,368.9,1
923.01,916.0,1
352.3,352.0,1
210.4,210.0,1
922.9,916.0,1
599.5,597.0,1
352.4,352.0,1
211.0,211.0,1
211.7,211.0,1
738.6,738.0,1
743.43,753.0,1
915.2,911.0,1
905.6,830.0,1
914.9,910.0,1
216.1,216.0,1
347.01,347.0,1
744.83,749.0,1
346.93,340.0,1
745.0,747.11,1
907.5,907.0,1
593.71,586.12,1
745.11,747.11,1
216.4,216.0,1
745.12,747.11,1
593.1,586.3,1
906.5,1000.0,1
590.9,590.0,1
906.3,916.0,1
906.1,871.0,1
906.0,870.0,1
905.9,872.0,1
805.3,805.0,1
594.0,594.2,1
744.05,749.0,1
911.6,915.0,1
743.59,753.2,1
793.81,611.11,1
349.1,349.0,1
214.9,214.0,1
912.5,912.0,1
912.2,911.0,1
215.0,215.0,1
911.4,912.0,1
744.02,749.0,1
793.80,611.1,1
215.3,215.0,1
594.2,594.2,1
910.4,912.0,1
910.2,911.0,1
743.9,753.0,1
744.01,749.0,1
560.30,560.2,1
886.1,872.0,1
558.41,558.0,1
529.3,529.0,1
869.1,1008.0,1
807.10,807.0,1
757.1,691.1,1
757.2,691.0,1
532.11,531.3,1
807.11,807.0,1
807.18,807.0,1
258.8,259.0,1
757.5,757.0,1
757.6,612.3,1
531.71,531.2,1
868.00,1008.0,1
867.9,1008.0,1
758.3,758.1,1
867.7,1008.0,1
531.20,531.1,1
531.11,531.2,1
257.1,258.0,1
338.22,338.2,1
532.61,531.1,1
255.3,255.1,1
254.1,254.0,1
756.11,754.1,1
255.12,255.12,1
534.30,531.5,1
872.64,870.2,1
756.13,754.0,1
339.02,340.0,1
756.15,754.0,1
870.3,1001.0,1
534.01,531.1,1
871.3,870.1,1
533.41,531.1,1
533.11,531.4,1
871.0,870.1,1
373.9,371.3,1
532.91,531.3,1
531.01,531.1,1
269.2,261.0,1
873.21,870.4,1
759.7,759.0,1
525.79,525.0,1
337.09,337.1,1
275.8,275.0,1
275.9,275.0,1
277.02,499.0,1
277.09,499.0,1
277.31,270.33,1
337.01,337.0,1
525.12,525.1,1
524.89,524.0,1
277.8,277.0,1
524.62,526.42,1
863.83,1008.0,1
863.55,1008.0,1
524.4,524.3,1
763.81,658.0,1
524.06,526.3,1
526.0,526.1,1
275.09,275.1,1
526.2,526.1,1
760.70,658.0,1
529.1,529.1,1
269.3,262.0,1
528.6,528.6,1
270.2,270.1,1
790.09,289.9,1
527.9,527.0,1
760.1,658.0,1
527.7,527.7,1
274.89,274.1,1
789.61,785.0,1
272.7,277.51,1
760.76,658.0,1
760.77,658.0,1
526.5,526.5,1
761.0,658.0,1
761.1,658.0,1
339.12,339.0,1
373.12,371.3,1
885.1,872.0,1
878.5,870.8,1
551.00,550.3,1
550.93,550.1,1
242.21,242.2,1
242.30,242.0,1
372.10,371.2,1
242.81,242.0,1
879.9,870.0,1
245.4,245.0,1
753.7,751.2,1
245.8,245.2,1
550.01,550.1,1
806.31,805.0,1
790.95,790.8,1
754.33,755.61,1
879.1,870.0,1
879.0,870.0,1
878.7,870.8,1
880.19,871.0,1
551.1,550.4,1
753.20,751.3,1
806.22,805.0,1
556.5,555.21,1
752.19,751.11,1
752.2,751.11,1
752.3,751.11,1
752.40,751.11,1
752.62,751.12,1
752.65,751.12,1
806.23,805.0,1
880.29,871.0,1
552.02,550.3,1
791.5,250.5,1
791.2,285.8,1
371.89,364.0,1
551.29,550.5,1
551.21,550.6,1
551.20,550.5,1
878.6,870.8,1
878.3,870.8,1
873.23,870.4,1
754.35,755.61,1
341.1,341.0,1
755.22,755.4,1
372.9,372.0,1
755.29,755.4,1
755.30,755.6,1
755.31,755.6,1
755.37,755.6,1
251.0,251.1,1
873.50,870.0,1
251.9,251.0,1
755.57,755.3,1
535.21,535.8,1
253.3,253.5,1
535.20,535.8,1
755.64,755.6,1
873.33,870.4,1
755.66,755.3,1
755.20,755.4,1
372.89,372.0,1
755.10,755.3,1
372.14,371.21,1
754.40,755.6,1
754.41,755.6,1
754.44,755.6,1
754.50,755.1,1
754.51,755.1,1
249.50,249.0,1
754.53,755.1,1
806.5,805.0,1
249.91,249.0,1
681.01,681.1,1
754.82,756.22,1
806.62,805.0,1
874.11,870.6,1
372.74,372.0,1
873.9,870.0,1
372.75,372.0,1
363.15,371.1,1
